,Unnamed: 0,Unnamed: 0.1,Unnamed: 0.1.1,Unnamed: 0.1.1.1,created_at,id,id_str,lang,place,text,user,Country,City,Coordinates,ComunidadAutonoma,IsFood,Foods,Calorias,Hidratos de Carbono,Grasas,Proteinas,Colesterol,Fibra,Categor√≠as,Gender
0,0,0,0,0,2019-04-07 00:00:35.000,1.114679324643418e+18,1.114679324643418e+18,es,"{'id': '37ded68f419372ee', 'url': 'https://api.twitter.com/1.1/geo/id/37ded68f419372ee.json', 'place_type': 'city', 'name': 'El Prat de Llobregat', 'full_name': 'El Prat de Llobregat, Espa√±a', 'country_code': 'ES', 'country': 'Espa√±a', 'bounding_box': {'type': 'Polygon', 'coordinates': [[[2.057436, 41.276561], [2.057436, 41.348499], [2.146839, 41.348499], [2.146839, 41.276561]]]}, 'attributes': {}}","@ValuRoldan3 Ya tamooo, 2 semanitas m√°s y fideitos con salsa",julian,Espa√±a,El Prat de Llobregat,"(2.057436, 41.276561)",Catalu√±a,yes,['salsa'],99.455,9.52,16.04,3.93,18.06,1.14,['Sopas'],male
1,1,1,1,1,2019-04-07 00:01:05.000,1.1146794509296968e+18,1.1146794509296968e+18,es,"{'id': '8c86b8b4cb716103', 'url': 'https://api.twitter.com/1.1/geo/id/8c86b8b4cb716103.json', 'place_type': 'city', 'name': 'Sevilla', 'full_name': 'Sevilla, Espa√±a', 'country_code': 'ES', 'country': 'Espa√±a', 'bounding_box': {'type': 'Polygon', 'coordinates': [[[-6.02843, 37.313613], [-6.02843, 37.452783], [-5.8186599999999995, 37.452783], [-5.8186599999999995, 37.313613]]]}, 'attributes': {}}","@fridista Algo haremos. Aunque sea un caf√© en alg√∫n sitio. 

O un enorme trozo de tarta.",Lara,Espa√±a,Sevilla,"(-6.02843, 37.313613)",Andaluc√≠a,yes,['tarta'],401.0,49.2,20.2,5.2,101.3,1.2,['Dulces'],female
2,2,2,4,4,2019-04-07 00:04:59.000,1.1146804339277742e+18,1.1146804339277742e+18,es,"{'id': 'cd43ea85d651af92', 'url': 'https://api.twitter.com/1.1/geo/id/cd43ea85d651af92.json', 'place_type': 'city', 'name': 'Bilbao', 'full_name': 'Bilbao, Espa√±a', 'country_code': 'ES', 'country': 'Espa√±a', 'bounding_box': {'type': 'Polygon', 'coordinates': [[[-2.98601, 43.213654], [-2.98601, 43.290145], [-2.880325, 43.290145], [-2.880325, 43.213654]]]}, 'attributes': {}}",Luna de miel... en Bilbao mejor que El Cairo o Limburgo #Alonso üéì üëèüëèüëèüëè con Asturias üí™‚ù§Ô∏èüéºüé∂üé∂ en Teatro Arriaga Antzok‚Ä¶ https://t.co/nmo0ztua9J,Pablo,Espa√±a,Bilbao,"(-2.98601, 43.213654)",Pais Vasco,yes,['miel'],315.0,76.8,0.0,0.5,0.0,0.0,['Dulces'],male
3,3,3,5,5,2019-04-07 00:05:10.000,1.1146804778505092e+18,1.1146804778505092e+18,es,"{'id': '2e858e47881ddc48', 'url': 'https://api.twitter.com/1.1/geo/id/2e858e47881ddc48.json', 'place_type': 'city', 'name': 'Alicante', 'full_name': 'Alicante, Espa√±a', 'country_code': 'ES', 'country': 'Espa√±a', 'bounding_box': {'type': 'Polygon', 'coordinates': [[[-0.6564329999999999, 38.160348], [-0.6564329999999999, 38.537463], [-0.37460899999999997, 38.537463], [-0.37460899999999997, 38.160348]]]}, 'attributes': {}}",Me trague el vino con coca modo barril sin fondo,,Espa√±a,Alicante,"(-0.6564329999999999, 38.160348)",Comunidad Valenciana,yes,['vino'],71.0,0.3,0.0,0.23,0.0,0.0,['Bebidas Alcoholicas'],male
4,4,4,8,12,2019-04-07 00:24:58.000,1.1146854624536004e+18,1.1146854624536004e+18,es,"{'id': '8c86b8b4cb716103', 'url': 'https://api.twitter.com/1.1/geo/id/8c86b8b4cb716103.json', 'place_type': 'city', 'name': 'Sevilla', 'full_name': 'Sevilla, Espa√±a', 'country_code': 'ES', 'country': 'Espa√±a', 'bounding_box': {'type': 'Polygon', 'coordinates': [[[-6.02843, 37.313613], [-6.02843, 37.452783], [-5.8186599999999995, 37.452783], [-5.8186599999999995, 37.313613]]]}, 'attributes': {}}",@be_dita86 @JJRuizToledo Ya pero nosotras las q estamos bn del coco no podemos hacer nada para impedirlo. Abrir la‚Ä¶ https://t.co/tWJ9RpX5Cj,SilviGoonie,Espa√±a,Sevilla,"(-6.02843, 37.313613)",Andaluc√≠a,yes,['coco'],373.0,15.2,33.5,3.3,0.0,9.0,['Frutas'],
5,5,5,9,14,2019-04-07 00:29:12.000,1.1146865286372392e+18,1.1146865286372392e+18,es,"{'id': '206c436ce43a43a3', 'url': 'https://api.twitter.com/1.1/geo/id/206c436ce43a43a3.json', 'place_type': 'city', 'name': 'Madrid', 'full_name': 'Madrid, Espa√±a', 'country_code': 'ES', 'country': 'Espa√±a', 'bounding_box': {'type': 'Polygon', 'coordinates': [[[-3.889005, 40.312071], [-3.889005, 40.643518], [-3.51801, 40.643518], [-3.51801, 40.312071]]]}, 'attributes': {}}",Yo soy s√∫per hater de las bebidas alcoholicas en especial la cerveza pero la coronita me esa gustando muchoü•∫,Laura,Espa√±a,Madrid,"(-3.889005, 40.312071)",Madrid,yes,['cerveza'],42.0,3.12,0.0,0.5,0.0,0.0,['Bebidas Alcoholicas'],female
6,6,6,10,15,2019-04-07 00:33:13.000,1.1146875360881336e+18,1.1146875360881336e+18,es,"{'id': '206c436ce43a43a3', 'url': 'https://api.twitter.com/1.1/geo/id/206c436ce43a43a3.json', 'place_type': 'city', 'name': 'Madrid', 'full_name': 'Madrid, Espa√±a', 'country_code': 'ES', 'country': 'Espa√±a', 'bounding_box': {'type': 'Polygon', 'coordinates': [[[-3.889005, 40.312071], [-3.889005, 40.643518], [-3.51801, 40.643518], [-3.51801, 40.312071]]]}, 'attributes': {}}",Ok. 5 cerveza y 15 veces al ba√±o,hairoguzman,Espa√±a,Madrid,"(-3.889005, 40.312071)",Madrid,yes,['cerveza'],42.0,3.12,0.0,0.5,0.0,0.0,['Bebidas Alcoholicas'],
7,7,7,11,16,2019-04-07 00:38:42.000,1.114688916936958e+18,1.114688916936958e+18,es,"{'id': 'e88681ebd19bf4f7', 'url': 'https://api.twitter.com/1.1/geo/id/e88681ebd19bf4f7.json', 'place_type': 'city', 'name': 'Tomares', 'full_name': 'Tomares, Espa√±a', 'country_code': 'ES', 'country': 'Espa√±a', 'bounding_box': {'type': 'Polygon', 'coordinates': [[[-6.063505, 37.358041], [-6.063505, 37.381903], [-6.02251, 37.381903], [-6.02251, 37.358041]]]}, 'attributes': {}}",A los q os gustan los macarrones con tomatito no os gustan las verduras,vasilanduki,Espa√±a,Tomares,"(-6.063505, 37.358041)",Andaluc√≠a,yes,['macarrones'],203.0,21.46,9.4,7.94,17.0,1.1,['Cereales y derivados'],
8,8,8,12,17,2019-04-07 00:39:12.000,1.1146890444185724e+18,1.1146890444185724e+18,es,"{'id': 'ea520f3528c9b3e4', 'url': 'https://api.twitter.com/1.1/geo/id/ea520f3528c9b3e4.json', 'place_type': 'admin', 'name': 'Madrid', 'full_name': 'Madrid, Comunidad de Madrid', 'country_code': 'ES', 'country': 'Espa√±a', 'bounding_box': {'type': 'Polygon', 'coordinates': [[[-4.579175, 39.884537], [-4.579175, 41.164911], [-3.053132, 41.164911], [-3.053132, 39.884537]]]}, 'attributes': {}}",@OmFetty @byrafaast ni pasta ni ganas tengo de fiesta ... :(,Cza,Espa√±a,Madrid,"(-4.579175, 39.884537)",Madrid,yes,['pasta'],252.0,47.44,2.26,9.35,30.0,4.58,['Cereales y derivados'],male
9,9,9,13,18,2019-04-07 00:40:02.000,1.1146892524896052e+18,1.1146892524896052e+18,es,"{'id': '206c436ce43a43a3', 'url': 'https://api.twitter.com/1.1/geo/id/206c436ce43a43a3.json', 'place_type': 'city', 'name': 'Madrid', 'full_name': 'Madrid, Espa√±a', 'country_code': 'ES', 'country': 'Espa√±a', 'bounding_box': {'type': 'Polygon', 'coordinates': [[[-3.889005, 40.312071], [-3.889005, 40.643518], [-3.51801, 40.643518], [-3.51801, 40.312071]]]}, 'attributes': {}}",@AlenPeternac Ya lo que pasa que es un put o FETO qu no tiene ni orejas  el puto cerdo,Ivan,Espa√±a,Madrid,"(-3.889005, 40.312071)",Madrid,yes,['cerdo'],271.0,0.0,17.04,27.34,90.0,0.0,['Carnes'],male
10,10,10,15,21,2019-04-07 00:52:09.000,1.1146923022225244e+18,1.1146923022225244e+18,es,"{'id': '387b00909c2e7031', 'url': 'https://api.twitter.com/1.1/geo/id/387b00909c2e7031.json', 'place_type': 'city', 'name': 'Granada', 'full_name': 'Granada, Espa√±a', 'country_code': 'ES', 'country': 'Espa√±a', 'bounding_box': {'type': 'Polygon', 'coordinates': [[[-3.699796, 37.135903], [-3.699796, 37.224915], [-3.496139, 37.224915], [-3.496139, 37.135903]]]}, 'attributes': {}}","@Arroba9397 Bueno como quieras, pero tambi√©n tenemos refrescos, cerveza y vinos üòâ",ele,Espa√±a,Granada,"(-3.699796, 37.135903)",Andaluc√≠a,yes,"['vino', 'cerveza']",113.0,3.42,0.0,0.73,0.0,0.0,"['Bebidas Alcoholicas', 'Bebidas Alcoholicas']",female
11,11,11,17,24,2019-04-07 01:01:53.000,1.114694751687725e+18,1.114694751687725e+18,es,"{'id': '37e754d0754260ac', 'url': 'https://api.twitter.com/1.1/geo/id/37e754d0754260ac.json', 'place_type': 'city', 'name': 'Salamanca', 'full_name': 'Salamanca, Espa√±a', 'country_code': 'ES', 'country': 'Espa√±a', 'bounding_box': {'type': 'Polygon', 'coordinates': [[[-5.735855, 40.914417], [-5.735855, 40.994337], [-5.622439, 40.994337], [-5.622439, 40.914417]]]}, 'attributes': {}}",Me acaban de decir que soy el tomate del arroz üíû,Agapito,Espa√±a,Salamanca,"(-5.735855, 40.914417)",Castilla y Le√≥n,yes,['arroz'],387.0,172.0,0.9,7.0,0.0,0.2,['Cereales y derivados'],male
12,12,12,18,25,2019-04-07 01:07:45.000,1.1146962291732562e+18,1.1146962291732562e+18,es,"{'id': '071a52d3a927a1b8', 'url': 'https://api.twitter.com/1.1/geo/id/071a52d3a927a1b8.json', 'place_type': 'city', 'name': 'Valencia', 'full_name': 'Valencia, Espa√±a', 'country_code': 'ES', 'country': 'Espa√±a', 'bounding_box': {'type': 'Polygon', 'coordinates': [[[-0.43254499999999996, 39.278381], [-0.43254499999999996, 39.566588], [-0.272513, 39.566588], [-0.272513, 39.278381]]]}, 'attributes': {}}",@moraga300 El olor a chorizo sudao ya no me mola tanto,Mocatriz,Espa√±a,Valencia,"(-0.43254499999999996, 39.278381)",Comunidad Valenciana,yes,['chorizo'],323.0,1.9,23.1,27.0,72.6,0.0,['Carnes'],
13,13,13,22,31,2019-04-07 01:20:16.000,1.1146993790787624e+18,1.1146993790787624e+18,es,"{'id': '74726fb3c92d7037', 'url': 'https://api.twitter.com/1.1/geo/id/74726fb3c92d7037.json', 'place_type': 'city', 'name': 'Badajoz', 'full_name': 'Badajoz, Espa√±a', 'country_code': 'ES', 'country': 'Espa√±a', 'bounding_box': {'type': 'Polygon', 'coordinates': [[[-7.1602879999999995, 38.554325], [-7.1602879999999995, 39.194551], [-6.552066, 39.194551], [-6.552066, 38.554325]]]}, 'attributes': {}}",@C4N4R1ON @TeHagoLaVaina Los pl√°tanos de Canarias pap√°,MV,Espa√±a,Badajoz,"(-7.1602879999999995, 38.554325)",Extremadura,yes,"['pl√°tano', 'pl√°tanos']",178.0,80.0,0.6,2.4,0.0,6.8,"['Frutas', 'Frutas']",male
14,14,14,23,32,2019-04-07 01:20:19.000,1.1146993895645348e+18,1.1146993895645348e+18,es,"{'id': '3a9c654a445000f6', 'url': 'https://api.twitter.com/1.1/geo/id/3a9c654a445000f6.json', 'place_type': 'city', 'name': 'Getafe', 'full_name': 'Getafe, Espa√±a', 'country_code': 'ES', 'country': 'Espa√±a', 'bounding_box': {'type': 'Polygon', 'coordinates': [[[-3.761318, 40.266415], [-3.761318, 40.334686], [-3.570016, 40.334686], [-3.570016, 40.266415]]]}, 'attributes': {}}","@Narfullero Seguro que mi t√© de mango, es mejor.. üòèüòè",MaquinoteMan,Espa√±a,Getafe,"(-3.761318, 40.266415)",Madrid,yes,['t√©'],36.0,2.45,2.3654,1.7,7.0,0.0,['Bebidas'],
15,15,15,24,33,2019-04-07 01:21:27.000,1.1146996777384591e+18,1.1146996777384591e+18,es,"{'id': 'd1272bba8714df3d', 'url': 'https://api.twitter.com/1.1/geo/id/d1272bba8714df3d.json', 'place_type': 'city', 'name': 'Oviedo', 'full_name': 'Oviedo, Espa√±a', 'country_code': 'ES', 'country': 'Espa√±a', 'bounding_box': {'type': 'Polygon', 'coordinates': [[[-6.0201, 43.278867], [-6.0201, 43.427428], [-5.7423, 43.427428], [-5.7423, 43.278867]]]}, 'attributes': {}}",@Xtantos ni harto de vino marco yo esa X en vuestra casilla,David,Espa√±a,Oviedo,"(-6.0201, 43.278867)",Asturias,yes,['vino'],71.0,0.3,0.0,0.23,0.0,0.0,['Bebidas Alcoholicas'],male
16,16,16,25,34,2019-04-07 01:25:41.000,1.1147007411160352e+18,1.1147007411160352e+18,es,"{'id': '206c436ce43a43a3', 'url': 'https://api.twitter.com/1.1/geo/id/206c436ce43a43a3.json', 'place_type': 'city', 'name': 'Madrid', 'full_name': 'Madrid, Espa√±a', 'country_code': 'ES', 'country': 'Espa√±a', 'bounding_box': {'type': 'Polygon', 'coordinates': [[[-3.889005, 40.312071], [-3.889005, 40.643518], [-3.51801, 40.643518], [-3.51801, 40.312071]]]}, 'attributes': {}}","me he comido un burrito, galletas y pur√© de verduras y estoy literalmente MUERTA de hambre pero en plan que me com√≠‚Ä¶ https://t.co/wtAPAcHtkW",,Espa√±a,Madrid,"(-3.889005, 40.312071)",Madrid,yes,['galletas'],483.0,64.31,21.77,6.76,50.17,3.21,['Dulces'],male
17,17,17,26,35,2019-04-07 01:27:52.000,1.1147012906706289e+18,1.1147012906706289e+18,es,"{'id': '507a015cba6ef518', 'url': 'https://api.twitter.com/1.1/geo/id/507a015cba6ef518.json', 'place_type': 'city', 'name': 'M√°laga', 'full_name': 'M√°laga, Espa√±a', 'country_code': 'ES', 'country': 'Espa√±a', 'bounding_box': {'type': 'Polygon', 'coordinates': [[[-4.587928, 36.635585], [-4.587928, 36.894171], [-4.260134, 36.894171], [-4.260134, 36.635585]]]}, 'attributes': {}}","Soy de lo que no hay. Me quede sopa a las 00:00 o as√≠ y me he desvelado y AHORA NO ME PUEDO DORMIR üò†

Pues me ver√© alguna pel√≠cula o algo üôÉ",Alex,Espa√±a,M√°laga,"(-4.587928, 36.635585)",Andaluc√≠a,yes,['sopa'],321.0,58.24,4.34,10.99,74.0,2.2,['Sopas'],male
18,18,18,29,38,2019-04-07 02:02:49.000,1.1147100854255985e+18,1.1147100854255985e+18,es,"{'id': '754849877ce438e6', 'url': 'https://api.twitter.com/1.1/geo/id/754849877ce438e6.json', 'place_type': 'city', 'name': 'Aljaraque', 'full_name': 'Aljaraque, Espa√±a', 'country_code': 'ES', 'country': 'Espa√±a', 'bounding_box': {'type': 'Polygon', 'coordinates': [[[-7.078277, 37.253433], [-7.078277, 37.308403], [-6.97224, 37.308403], [-6.97224, 37.253433]]]}, 'attributes': {}}","Cogimos una bolsa que habia de frutos secos y la metimos en la mochila. Metimos tambien dos empanadas de atun porque no se, se me antojo.",cristian,Espa√±a,Aljaraque,"(-7.078277, 37.253433)",Andaluc√≠a,yes,['frutos secos'],594.0,25.35,51.45,17.3,0.0,9.0,['Frutos secos'],male
19,19,19,30,40,2019-04-07 02:03:43.000,1.1147103127820042e+18,1.1147103127820042e+18,es,"{'id': '754849877ce438e6', 'url': 'https://api.twitter.com/1.1/geo/id/754849877ce438e6.json', 'place_type': 'city', 'name': 'Aljaraque', 'full_name': 'Aljaraque, Espa√±a', 'country_code': 'ES', 'country': 'Espa√±a', 'bounding_box': {'type': 'Polygon', 'coordinates': [[[-7.078277, 37.253433], [-7.078277, 37.308403], [-6.97224, 37.308403], [-6.97224, 37.253433]]]}, 'attributes': {}}",Nos reencontramos con Maria y empezamos a comer frutos secos como sino hubiera un ma√±ana.,cristian,Espa√±a,Aljaraque,"(-7.078277, 37.253433)",Andaluc√≠a,yes,['frutos secos'],594.0,25.35,51.45,17.3,0.0,9.0,['Frutos secos'],male
20,20,20,31,41,2019-04-07 02:09:08.000,1.1147116755743375e+18,1.1147116755743375e+18,es,"{'id': '206c436ce43a43a3', 'url': 'https://api.twitter.com/1.1/geo/id/206c436ce43a43a3.json', 'place_type': 'city', 'name': 'Madrid', 'full_name': 'Madrid, Espa√±a', 'country_code': 'ES', 'country': 'Espa√±a', 'bounding_box': {'type': 'Polygon', 'coordinates': [[[-3.889005, 40.312071], [-3.889005, 40.643518], [-3.51801, 40.643518], [-3.51801, 40.312071]]]}, 'attributes': {}}",Lo de buscar un tutorial en youtube para saber c√≥mo abrir una botella de sidra muy r√°ndom la verdad,Rolando,Espa√±a,Madrid,"(-3.889005, 40.312071)",Madrid,yes,['sidra'],25.0,6.0,0.0,0.0,0.0,0.0,['Bebidas'],male
21,21,21,32,42,2019-04-07 02:10:10.000,1.11471193672849e+18,1.11471193672849e+18,es,"{'id': '80e7db36670c9975', 'url': 'https://api.twitter.com/1.1/geo/id/80e7db36670c9975.json', 'place_type': 'city', 'name': '√Åvila', 'full_name': '√Åvila, Espa√±a', 'country_code': 'ES', 'country': 'Espa√±a', 'bounding_box': {'type': 'Polygon', 'coordinates': [[[-4.816598, 40.560569], [-4.816598, 40.752618], [-4.453278, 40.752618], [-4.453278, 40.560569]]]}, 'attributes': {}}","@sprewill @isabelbonig @mjosecatala @populares Y la pasta que se ha llevado
El PP  y la pasta que le
Dimos a los BA‚Ä¶ https://t.co/ag1VEIhvFI",Mar√≠a,Espa√±a,√Åvila,"(-4.816598, 40.560569)",Castilla y Le√≥n,yes,['pasta'],252.0,47.44,2.26,9.35,30.0,4.58,['Cereales y derivados'],female
22,22,22,33,43,2019-04-07 02:14:06.000,1.1147129259089428e+18,1.1147129259089428e+18,es,"{'id': 'de0394449cd64440', 'url': 'https://api.twitter.com/1.1/geo/id/de0394449cd64440.json', 'place_type': 'city', 'name': 'Mislata', 'full_name': 'Mislata, Espa√±a', 'country_code': 'ES', 'country': 'Espa√±a', 'bounding_box': {'type': 'Polygon', 'coordinates': [[[-0.43345799999999995, 39.466954], [-0.43345799999999995, 39.485753], [-0.40698599999999996, 39.485753], [-0.40698599999999996, 39.466954]]]}, 'attributes': {}}",@RubenBrizC Si me mareas por WhatsApp cara almendra,Mocatriz,Espa√±a,Mislata,"(-0.43345799999999995, 39.466954)",Comunidad Valenciana,yes,['almendra'],656.0,10.5,56.25,12.0,0.0,8.22,['Frutos secos'],
23,23,23,35,45,2019-04-07 02:53:32.000,1.1147228508862546e+18,1.1147228508862546e+18,es,"{'id': '206c436ce43a43a3', 'url': 'https://api.twitter.com/1.1/geo/id/206c436ce43a43a3.json', 'place_type': 'city', 'name': 'Madrid', 'full_name': 'Madrid, Espa√±a', 'country_code': 'ES', 'country': 'Espa√±a', 'bounding_box': {'type': 'Polygon', 'coordinates': [[[-3.889005, 40.312071], [-3.889005, 40.643518], [-3.51801, 40.643518], [-3.51801, 40.312071]]]}, 'attributes': {}}",A mi van a dar el premio de consolacion: una bolsa de chuches,lucia,Espa√±a,Madrid,"(-3.889005, 40.312071)",Madrid,yes,['chuches'],389.0,190.0,0.0,0.4,0.0,0.0,['Dulces'],female
24,24,24,37,47,2019-04-07 03:31:52.000,1.1147324976639222e+18,1.1147324976639222e+18,es,"{'id': '8c86b8b4cb716103', 'url': 'https://api.twitter.com/1.1/geo/id/8c86b8b4cb716103.json', 'place_type': 'city', 'name': 'Sevilla', 'full_name': 'Sevilla, Espa√±a', 'country_code': 'ES', 'country': 'Espa√±a', 'bounding_box': {'type': 'Polygon', 'coordinates': [[[-6.02843, 37.313613], [-6.02843, 37.452783], [-5.8186599999999995, 37.452783], [-5.8186599999999995, 37.313613]]]}, 'attributes': {}}","@juanjolegend @tiramillas @marca Por sacar pasta, Noooo, porq un padre cumpla su obligaci√≥n, cuidar y estar con su‚Ä¶ https://t.co/5TAAglA6n6",Marga,Espa√±a,Sevilla,"(-6.02843, 37.313613)",Andaluc√≠a,yes,['pasta'],252.0,47.44,2.26,9.35,30.0,4.58,['Cereales y derivados'],female
25,25,25,38,48,2019-04-07 03:58:59.000,1.1147393207352689e+18,1.1147393207352689e+18,es,"{'id': 'c396c282250e2106', 'url': 'https://api.twitter.com/1.1/geo/id/c396c282250e2106.json', 'place_type': 'city', 'name': 'Manresa', 'full_name': 'Manresa, Espa√±a', 'country_code': 'ES', 'country': 'Espa√±a', 'bounding_box': {'type': 'Polygon', 'coordinates': [[[1.769524, 41.688129], [1.769524, 41.758331], [1.8750019999999998, 41.758331], [1.8750019999999998, 41.688129]]]}, 'attributes': {}}",hay un pavo que no para de llamarme golfa y dice que eso quiere decir que salgo muy chula en las fotos xd debo cree‚Ä¶ https://t.co/yH1PCsL6sQ,,Espa√±a,Manresa,"(1.769524, 41.688129)",Catalu√±a,yes,['pavo'],119.0,0.0,2.86,21.77,65.0,0.0,['Productos avicolas'],male
26,26,26,39,49,2019-04-07 04:00:54.000,1.1147398041708052e+18,1.1147398041708052e+18,es,"{'id': '206c436ce43a43a3', 'url': 'https://api.twitter.com/1.1/geo/id/206c436ce43a43a3.json', 'place_type': 'city', 'name': 'Madrid', 'full_name': 'Madrid, Espa√±a', 'country_code': 'ES', 'country': 'Espa√±a', 'bounding_box': {'type': 'Polygon', 'coordinates': [[[-3.889005, 40.312071], [-3.889005, 40.643518], [-3.51801, 40.643518], [-3.51801, 40.312071]]]}, 'attributes': {}}",No me quiero perder el chocolate con churros del desayuno,lucia,Espa√±a,Madrid,"(-3.889005, 40.312071)",Madrid,yes,['chocolate'],271.33,59.23,30.53,7.29,20.0,0.53,['Dulces'],female
27,27,27,46,56,2019-04-07 04:44:58.000,1.1147508941035644e+18,1.1147508941035644e+18,es,"{'id': '206c436ce43a43a3', 'url': 'https://api.twitter.com/1.1/geo/id/206c436ce43a43a3.json', 'place_type': 'city', 'name': 'Madrid', 'full_name': 'Madrid, Espa√±a', 'country_code': 'ES', 'country': 'Espa√±a', 'bounding_box': {'type': 'Polygon', 'coordinates': [[[-3.889005, 40.312071], [-3.889005, 40.643518], [-3.51801, 40.643518], [-3.51801, 40.312071]]]}, 'attributes': {}}","Send empanadas de queso, please.",Honiel,Espa√±a,Madrid,"(-3.889005, 40.312071)",Madrid,yes,['queso'],450.0,0.51,34.0,35.77,74.4,0.0,['Productos lacteos'],
28,28,28,47,58,2019-04-07 05:00:08.000,1.1147547092843602e+18,1.1147547092843602e+18,es,"{'id': 'c9f6408fbe911554', 'url': 'https://api.twitter.com/1.1/geo/id/c9f6408fbe911554.json', 'place_type': 'city', 'name': 'Portugalete', 'full_name': 'Portugalete, Espa√±a', 'country_code': 'ES', 'country': 'Espa√±a', 'bounding_box': {'type': 'Polygon', 'coordinates': [[[-3.038428, 43.305045], [-3.038428, 43.332271], [-3.007113, 43.332271], [-3.007113, 43.305045]]]}, 'attributes': {}}","Receta de Helado con Fresas y Yogur griego
https://t.co/CldBZrCL4k
#MeSientoFenomenal #MeSientoFit #RecetaFit",Josu,Espa√±a,Portugalete,"(-3.038428, 43.305045)",Pais Vasco,yes,"['Helado', 'Fresa', 'Yogur']",337.0,47.6,15.4,8.8,34.0,3.4000000000000004,"['Productos lacteos', 'Frutas', 'Productos lacteos']",male
29,29,29,48,59,2019-04-07 05:09:11.000,1.1147569866195516e+18,1.1147569866195516e+18,es,"{'id': '206c436ce43a43a3', 'url': 'https://api.twitter.com/1.1/geo/id/206c436ce43a43a3.json', 'place_type': 'city', 'name': 'Madrid', 'full_name': 'Madrid, Espa√±a', 'country_code': 'ES', 'country': 'Espa√±a', 'bounding_box': {'type': 'Polygon', 'coordinates': [[[-3.889005, 40.312071], [-3.889005, 40.643518], [-3.51801, 40.643518], [-3.51801, 40.312071]]]}, 'attributes': {}}",De after 2 huevos fritos con chorizo,Oscar,Espa√±a,Madrid,"(-3.889005, 40.312071)",Madrid,yes,"['huevo', 'chorizo']",473.0,2.2,34.2,39.5,457.6,0.0,"['Productos lacteos', 'Carnes']",male
30,30,30,51,62,2019-04-07 05:32:38.000,1.1147628881897062e+18,1.1147628881897062e+18,es,"{'id': '071a52d3a927a1b8', 'url': 'https://api.twitter.com/1.1/geo/id/071a52d3a927a1b8.json', 'place_type': 'city', 'name': 'Valencia', 'full_name': 'Valencia, Espa√±a', 'country_code': 'ES', 'country': 'Espa√±a', 'bounding_box': {'type': 'Polygon', 'coordinates': [[[-0.43254499999999996, 39.278381], [-0.43254499999999996, 39.566588], [-0.272513, 39.566588], [-0.272513, 39.278381]]]}, 'attributes': {}}",@Acuario68008471 Venga vecina que el chocolate ya es historia y es domingo para ser feliz.....Besossss https://t.co/cU0jwXkBIr,Manu,Espa√±a,Valencia,"(-0.43254499999999996, 39.278381)",Comunidad Valenciana,yes,['chocolate'],271.33,59.23,30.53,7.29,20.0,0.53,['Dulces'],male
31,31,31,53,64,2019-04-07 05:37:40.000,1.1147641554273484e+18,1.1147641554273484e+18,es,"{'id': '0b44d497e6f73221', 'url': 'https://api.twitter.com/1.1/geo/id/0b44d497e6f73221.json', 'place_type': 'city', 'name': 'Taranc√≥n', 'full_name': 'Taranc√≥n, Espa√±a', 'country_code': 'ES', 'country': 'Espa√±a', 'bounding_box': {'type': 'Polygon', 'coordinates': [[[-3.098482, 39.951433], [-3.098482, 40.056847], [-2.920937, 40.056847], [-2.920937, 39.951433]]]}, 'attributes': {}}","Recibida la muestra ‚òÜFRESH MEANS POWERFUL‚òÜ  nueva crema BOOSTER NOCHE 
Gracias a¬†clinique_es @clinique 

#clinique‚Ä¶ https://t.co/5fVzGoKOjh",,Espa√±a,Taranc√≥n,"(-3.098482, 39.951433)",Castilla la Mancha,yes,['crema'],159.0,22.3,5.36,4.9,120.0,0.3,['Productos lacteos'],male
32,32,32,56,67,2019-04-07 05:50:40.000,1.1147674265567028e+18,1.1147674265567028e+18,es,"{'id': 'e342de30841352bf', 'url': 'https://api.twitter.com/1.1/geo/id/e342de30841352bf.json', 'place_type': 'city', 'name': 'Almer√≠a', 'full_name': 'Almer√≠a, Espa√±a', 'country_code': 'ES', 'country': 'Espa√±a', 'bounding_box': {'type': 'Polygon', 'coordinates': [[[-2.543758, 36.737433], [-2.543758, 37.000063], [-2.2036379999999998, 37.000063], [-2.2036379999999998, 36.737433]]]}, 'attributes': {}}",@TeoGarciaEgea ü§£ü§£ü§£ veo a Pablo muy favorecido con las dos banderillas en el lomo...de las astas mejor no hablamos jajja,Isa,Espa√±a,Almer√≠a,"(-2.543758, 36.737433)",Andaluc√≠a,yes,['lomo'],237.0,0.0,14.27,27.0,75.0,0.0,['Carnes'],female
33,33,33,57,68,2019-04-07 05:51:48.000,1.1147677137113416e+18,1.1147677137113416e+18,es,"{'id': 'e342de30841352bf', 'url': 'https://api.twitter.com/1.1/geo/id/e342de30841352bf.json', 'place_type': 'city', 'name': 'Almer√≠a', 'full_name': 'Almer√≠a, Espa√±a', 'country_code': 'ES', 'country': 'Espa√±a', 'bounding_box': {'type': 'Polygon', 'coordinates': [[[-2.543758, 36.737433], [-2.543758, 37.000063], [-2.2036379999999998, 37.000063], [-2.2036379999999998, 36.737433]]]}, 'attributes': {}}","Veo a Pablo muy favorecido con las banderillas en el lomo, de las astas mejor no hablamos ü§£ü§£ü§£",Isa,Espa√±a,Almer√≠a,"(-2.543758, 36.737433)",Andaluc√≠a,yes,['lomo'],237.0,0.0,14.27,27.0,75.0,0.0,['Carnes'],female
34,34,34,58,69,2019-04-07 05:54:36.000,1.1147684153974332e+18,1.1147684153974332e+18,es,"{'id': 'ad7a1f694bf32ae7', 'url': 'https://api.twitter.com/1.1/geo/id/ad7a1f694bf32ae7.json', 'place_type': 'city', 'name': 'Torrelodones', 'full_name': 'Torrelodones, Espa√±a', 'country_code': 'ES', 'country': 'Espa√±a', 'bounding_box': {'type': 'Polygon', 'coordinates': [[[-3.95975, 40.547764], [-3.95975, 40.597435], [-3.883512, 40.597435], [-3.883512, 40.547764]]]}, 'attributes': {}}","Nuevo sorteo con sibaritasdelavida  y @LolaTarazagaTA1 !!! Peeling corporal con fragancia a almendras dulce, grano‚Ä¶ https://t.co/x4iwOnnrFj",BOREALIS,Espa√±a,Torrelodones,"(-3.95975, 40.547764)",Madrid,yes,"['almendras', 'almendra']",1245.0,16.7,101.47,31.13,0.0,16.560000000000002,"['Frutos secos', 'Frutos secos']",
35,35,35,60,72,2019-04-07 06:00:55.000,1.1147700043802132e+18,1.1147700043802132e+18,es,"{'id': '206c436ce43a43a3', 'url': 'https://api.twitter.com/1.1/geo/id/206c436ce43a43a3.json', 'place_type': 'city', 'name': 'Madrid', 'full_name': 'Madrid, Espa√±a', 'country_code': 'ES', 'country': 'Espa√±a', 'bounding_box': {'type': 'Polygon', 'coordinates': [[[-3.889005, 40.312071], [-3.889005, 40.643518], [-3.51801, 40.643518], [-3.51801, 40.312071]]]}, 'attributes': {}}","@Trismegista Q pereza, escuchar S. Drago, y q ascazo. Me fio m√°s de lo q opines aqu√≠, q de lo q pueda decir semejante cerdo",Menchu,Espa√±a,Madrid,"(-3.889005, 40.312071)",Madrid,yes,['cerdo'],271.0,0.0,17.04,27.34,90.0,0.0,['Carnes'],female
36,36,36,61,73,2019-04-07 06:04:37.000,1.1147709350584524e+18,1.1147709350584524e+18,es,"{'id': '0df6ac4d361d4e0e', 'url': 'https://api.twitter.com/1.1/geo/id/0df6ac4d361d4e0e.json', 'place_type': 'city', 'name': 'Vigo', 'full_name': 'Vigo, Espa√±a', 'country_code': 'ES', 'country': 'Espa√±a', 'bounding_box': {'type': 'Polygon', 'coordinates': [[[-8.916355, 42.12938], [-8.916355, 42.264735], [-8.626759, 42.264735], [-8.626759, 42.12938]]]}, 'attributes': {}}",Los sue√±os son como una sopa recalentada,Elena,Espa√±a,Vigo,"(-8.916355, 42.12938)",Galicia,yes,['sopa'],321.0,58.24,4.34,10.99,74.0,2.2,['Sopas'],female
37,37,37,62,74,2019-04-07 06:20:31.000,1.114774937577898e+18,1.114774937577898e+18,es,"{'id': 'cbdb0e7018443220', 'url': 'https://api.twitter.com/1.1/geo/id/cbdb0e7018443220.json', 'place_type': 'city', 'name': 'Murcia', 'full_name': 'Murcia, Espa√±a', 'country_code': 'ES', 'country': 'Espa√±a', 'bounding_box': {'type': 'Polygon', 'coordinates': [[[-1.385233, 37.715968], [-1.385233, 38.117714], [-0.850358, 38.117714], [-0.850358, 37.715968]]]}, 'attributes': {}}",Esta ma√±ana bajare y le voy a pedir amablemente si me pone un caf√© con leche hirviendo y con gusto requemado con do‚Ä¶ https://t.co/gLjk1DorDI,Miki,Espa√±a,Murcia,"(-1.385233, 37.715968)",Murcia,yes,['leche'],65.0,4.7,3.8,3.06,14.0,0.0,['Productos lacteos'],female
38,38,38,64,76,2019-04-07 06:28:39.000,1.1147769872377364e+18,1.1147769872377364e+18,es,"{'id': '071a52d3a927a1b8', 'url': 'https://api.twitter.com/1.1/geo/id/071a52d3a927a1b8.json', 'place_type': 'city', 'name': 'Valencia', 'full_name': 'Valencia, Espa√±a', 'country_code': 'ES', 'country': 'Espa√±a', 'bounding_box': {'type': 'Polygon', 'coordinates': [[[-0.43254499999999996, 39.278381], [-0.43254499999999996, 39.566588], [-0.272513, 39.566588], [-0.272513, 39.278381]]]}, 'attributes': {}}","üçπAgua de Valencia: Ginebra, Vodka, Champ√°n y Zumo de naranja üçä Si quer√©is probar la bebida t√≠pica de la ciudad, ten‚Ä¶ https://t.co/62lVmTcvKU",Fabiola,Espa√±a,Valencia,"(-0.43254499999999996, 39.278381)",Comunidad Valenciana,yes,"['Zumo', 'Zumo de naranja', 'naranja']",160.0,45.0,0.2,2.3,0.0,4.1,"['Bebidas', 'Bebidas', 'Frutas']",female
39,39,39,66,78,2019-04-07 06:37:24.000,1.114779186877608e+18,1.114779186877608e+18,es,"{'id': 'aab98cb60835e83e', 'url': 'https://api.twitter.com/1.1/geo/id/aab98cb60835e83e.json', 'place_type': 'city', 'name': 'Burgos', 'full_name': 'Burgos, Espa√±a', 'country_code': 'ES', 'country': 'Espa√±a', 'bounding_box': {'type': 'Polygon', 'coordinates': [[[-3.794911, 42.284782], [-3.794911, 42.404004], [-3.583968, 42.404004], [-3.583968, 42.284782]]]}, 'attributes': {}}","Arranca 2019 con una ca√≠da del 9,71% de la producci√≥n de carne de #ovino. #ganader√≠a #ovinotg‚Ä¶ https://t.co/0W5VEw6sRt",Ovino,Espa√±a,Burgos,"(-3.794911, 42.284782)",Castilla y Le√≥n,yes,"['vino', 'carne']",151.75,0.3,8.0,22.33,66.7,0.0,"['Bebidas Alcoholicas', 'Carnes']",
40,40,40,67,79,2019-04-07 06:39:23.000,1.1147796863185428e+18,1.1147796863185428e+18,es,"{'id': 'c13dcd909f82b68e', 'url': 'https://api.twitter.com/1.1/geo/id/c13dcd909f82b68e.json', 'place_type': 'city', 'name': 'Ibi', 'full_name': 'Ibi, Espa√±a', 'country_code': 'ES', 'country': 'Espa√±a', 'bounding_box': {'type': 'Polygon', 'coordinates': [[[-0.619567, 38.589542], [-0.619567, 38.659221], [-0.4961, 38.659221], [-0.4961, 38.589542]]]}, 'attributes': {}}","Buenos dias‚ÄºÔ∏è Empezamos el domingo con un buen desayuno üòãA la rica fruta!!! Fresca y natural üòç

Continuaremos con c‚Ä¶ https://t.co/dwBBgoIdo4",Rte,Espa√±a,Ibi,"(-0.619567, 38.589542)",Comunidad Valenciana,yes,['fruta'],107.0,50.0,0.1,0.9,0.0,1.1,['Frutas'],male
41,41,41,69,81,2019-04-07 06:45:06.000,1.1147811256066294e+18,1.1147811256066294e+18,es,"{'id': 'd8649a50c13d5c57', 'url': 'https://api.twitter.com/1.1/geo/id/d8649a50c13d5c57.json', 'place_type': 'city', 'name': 'Agost', 'full_name': 'Agost, Espa√±a', 'country_code': 'ES', 'country': 'Espa√±a', 'bounding_box': {'type': 'Polygon', 'coordinates': [[[-0.705859, 38.395697], [-0.705859, 38.502534], [-0.577629, 38.502534], [-0.577629, 38.395697]]]}, 'attributes': {}}","Una Mala CONCIENCIA HACER ESTO, CON UN POBRE ANIMAL, QU√â T√â LO H√Å DADO TODO, CU√ÅNDO ERA PEQUE√ëO, y PAREC√çA UN JUGUE‚Ä¶ https://t.co/zjiXX5iifv",ELOY,Espa√±a,Agost,"(-0.705859, 38.395697)",Comunidad Valenciana,yes,['T√â'],36.0,2.45,2.3654,1.7,7.0,0.0,['Bebidas'],male
42,42,42,71,83,2019-04-07 06:55:21.000,1.1147837052838666e+18,1.1147837052838666e+18,es,"{'id': 'b538938ca48e6ea0', 'url': 'https://api.twitter.com/1.1/geo/id/b538938ca48e6ea0.json', 'place_type': 'city', 'name': 'Torrevieja', 'full_name': 'Torrevieja, Espa√±a', 'country_code': 'ES', 'country': 'Espa√±a', 'bounding_box': {'type': 'Polygon', 'coordinates': [[[-0.7611439999999999, 37.94106], [-0.7611439999999999, 38.04835], [-0.647318, 38.04835], [-0.647318, 37.94106]]]}, 'attributes': {}}",Ummmm orejitas de cerdo tapa&amp;ca√±a #Torrevieja #1n en Tapa &amp; Ca√±a Torrevieja https://t.co/pvos1ObwZo,intured,Espa√±a,Torrevieja,"(-0.7611439999999999, 37.94106)",Comunidad Valenciana,yes,['cerdo'],271.0,0.0,17.04,27.34,90.0,0.0,['Carnes'],
43,43,43,73,85,2019-04-07 06:57:09.000,1.1147841593172828e+18,1.1147841593172828e+18,es,"{'id': '5ad003e559cee757', 'url': 'https://api.twitter.com/1.1/geo/id/5ad003e559cee757.json', 'place_type': 'city', 'name': 'Girona', 'full_name': 'Girona, Espa√±a', 'country_code': 'ES', 'country': 'Espa√±a', 'bounding_box': {'type': 'Polygon', 'coordinates': [[[2.782826, 41.939177], [2.782826, 42.02977], [2.8979749999999997, 42.02977], [2.8979749999999997, 41.939177]]]}, 'attributes': {}}","Buenos d√≠as de domingo!!! ‚òÄÔ∏èüå°Ô∏èüåÇüçÉüå±üêùüêõü¶ãüå∑
.
Para desayunar un üåæ PORRIDGE EXPRESS, con copos de avena üåæ, uvas pasas üçá, a‚Ä¶ https://t.co/hLSPqlcUbD",NutriClinica,Espa√±a,Girona,"(2.782826, 41.939177)",Catalu√±a,yes,"['avena', 'uvas', 'pasas']",770.0,151.1,8.100000000000001,19.96,0.0,17.5,"['Cereales y derivados', 'Frutas', 'Frutas']",
44,44,44,74,89,2019-04-07 06:59:55.000,1.114784855559164e+18,1.114784855559164e+18,es,"{'id': '1ba3cc83bd7483f4', 'url': 'https://api.twitter.com/1.1/geo/id/1ba3cc83bd7483f4.json', 'place_type': 'city', 'name': 'Villacast√≠n', 'full_name': 'Villacast√≠n, Espa√±a', 'country_code': 'ES', 'country': 'Espa√±a', 'bounding_box': {'type': 'Polygon', 'coordinates': [[[-4.481129, 40.633746], [-4.481129, 40.86322], [-4.369738, 40.86322], [-4.369738, 40.633746]]]}, 'attributes': {}}",#BuenosD√≠as. Contin√∫alos con las recetas de #Cuaresma2019. En este caso una deliciosa Torrija de queso #monteenebro‚Ä¶ https://t.co/KNimYBrWhY,√Åvila,Espa√±a,Villacast√≠n,"(-4.481129, 40.633746)",Castilla y Le√≥n,yes,"['queso', 'Torrija']",686.0,18.82,50.0,40.83000000000001,162.4,1.0,"['Productos lacteos', 'Cereales y derivados']",
45,45,45,75,90,2019-04-07 07:03:38.000,1.1147857899578164e+18,1.1147857899578164e+18,es,"{'id': 'a4d75ab3c00c2563', 'url': 'https://api.twitter.com/1.1/geo/id/a4d75ab3c00c2563.json', 'place_type': 'city', 'name': 'N√≠jar', 'full_name': 'N√≠jar, Espa√±a', 'country_code': 'ES', 'country': 'Espa√±a', 'bounding_box': {'type': 'Polygon', 'coordinates': [[[-2.300484, 36.719095], [-2.300484, 37.0197], [-1.925271, 37.0197], [-1.925271, 36.719095]]]}, 'attributes': {}}","La Isleta del Moro Almer√≠a
Es domingo y me aparece comenzar con tonos naranjas... !!!
Muy buenos d√≠as !!! üôÇ en La I‚Ä¶ https://t.co/1zTUsYW5fR",Paqui,Espa√±a,N√≠jar,"(-2.300484, 36.719095)",Andaluc√≠a,yes,"['naranjas', 'naranja']",152.0,34.4,0.0,3.2,0.0,8.0,"['Frutas', 'Frutas']",female
46,46,46,76,93,2019-04-07 07:06:15.000,1.1147864478553743e+18,1.1147864478553743e+18,es,"{'id': '206c436ce43a43a3', 'url': 'https://api.twitter.com/1.1/geo/id/206c436ce43a43a3.json', 'place_type': 'city', 'name': 'Madrid', 'full_name': 'Madrid, Espa√±a', 'country_code': 'ES', 'country': 'Espa√±a', 'bounding_box': {'type': 'Polygon', 'coordinates': [[[-3.889005, 40.312071], [-3.889005, 40.643518], [-3.51801, 40.643518], [-3.51801, 40.312071]]]}, 'attributes': {}}","Querido vecino, eres un aut√©ntico cerdo! https://t.co/vV0DPebbRA",Jesus,Espa√±a,Madrid,"(-3.889005, 40.312071)",Madrid,yes,"['t√©', 'cerdo']",307.0,2.45,19.4054,29.04,97.0,0.0,"['Bebidas', 'Carnes']",male
47,47,47,78,95,2019-04-07 07:10:28.000,1.1147875096435016e+18,1.1147875096435016e+18,es,"{'id': '2e858e47881ddc48', 'url': 'https://api.twitter.com/1.1/geo/id/2e858e47881ddc48.json', 'place_type': 'city', 'name': 'Alicante', 'full_name': 'Alicante, Espa√±a', 'country_code': 'ES', 'country': 'Espa√±a', 'bounding_box': {'type': 'Polygon', 'coordinates': [[[-0.6564329999999999, 38.160348], [-0.6564329999999999, 38.537463], [-0.37460899999999997, 38.537463], [-0.37460899999999997, 38.160348]]]}, 'attributes': {}}","@Rikopelo Es que un pavo me cabre√≥ mucho ayer con una gilipollez y he recordado eso pero versionado, as√≠ que nada,‚Ä¶ https://t.co/Z8J9Bx9zF5",El,Espa√±a,Alicante,"(-0.6564329999999999, 38.160348)",Comunidad Valenciana,yes,['pavo'],119.0,0.0,2.86,21.77,65.0,0.0,['Productos avicolas'],male
48,48,48,79,96,2019-04-07 07:10:40.000,1.1147875605497568e+18,1.1147875605497568e+18,es,"{'id': '8c86b8b4cb716103', 'url': 'https://api.twitter.com/1.1/geo/id/8c86b8b4cb716103.json', 'place_type': 'city', 'name': 'Sevilla', 'full_name': 'Sevilla, Espa√±a', 'country_code': 'ES', 'country': 'Espa√±a', 'bounding_box': {'type': 'Polygon', 'coordinates': [[[-6.02843, 37.313613], [-6.02843, 37.452783], [-5.8186599999999995, 37.452783], [-5.8186599999999995, 37.313613]]]}, 'attributes': {}}","Para mi, un desayuno sin tostada, ¬°no es un desayuno! Me encantaaaaa el sabor del pan üçû tostado con aceite y procur‚Ä¶ https://t.co/Gj3c1dnwi3",Miriam,Espa√±a,Sevilla,"(-6.02843, 37.313613)",Andaluc√≠a,yes,['aceite'],442.0,0.0,100.0,0.0,0.0,0.0,['Grasas y aceites'],female
49,49,49,83,100,2019-04-07 07:21:15.000,1.1147902240166952e+18,1.1147902240166952e+18,es,"{'id': '1a27537478dd8e38', 'url': 'https://api.twitter.com/1.1/geo/id/1a27537478dd8e38.json', 'place_type': 'city', 'name': 'Barcelona', 'full_name': 'Barcelona, Espa√±a', 'country_code': 'ES', 'country': 'Espa√±a', 'bounding_box': {'type': 'Polygon', 'coordinates': [[[2.052477, 41.317048], [2.052477, 41.468266], [2.229978, 41.468266], [2.229978, 41.317048]]]}, 'attributes': {}}","@Barcelonasoul5 @CiudadanosCs Arder√° en su propia salsa,hecha de mentiras ,exageraciones ,manipulaciones ,odio, per‚Ä¶ https://t.co/WdswPvTDYd",Miguel,Espa√±a,Barcelona,"(2.052477, 41.317048)",Catalu√±a,yes,['salsa'],99.455,9.52,16.04,3.93,18.06,1.14,['Sopas'],male
50,50,50,84,101,2019-04-07 07:21:37.000,1.1147903141773844e+18,1.1147903141773844e+18,es,"{'id': '206c436ce43a43a3', 'url': 'https://api.twitter.com/1.1/geo/id/206c436ce43a43a3.json', 'place_type': 'city', 'name': 'Madrid', 'full_name': 'Madrid, Espa√±a', 'country_code': 'ES', 'country': 'Espa√±a', 'bounding_box': {'type': 'Polygon', 'coordinates': [[[-3.889005, 40.312071], [-3.889005, 40.643518], [-3.51801, 40.643518], [-3.51801, 40.312071]]]}, 'attributes': {}}",Morcilla de arroz negro con rabas de az_eljefe en la @fondalalechuga en Fonda La Lechuga https://t.co/Xjrn6xBZqo,Fonda,Espa√±a,Madrid,"(-3.889005, 40.312071)",Madrid,yes,"['arroz', 'lechuga']",403.0,173.4,1.5,8.120000000000001,0.0,1.7,"['Cereales y derivados', 'Vegetales']",female
51,51,51,85,102,2019-04-07 07:22:47.000,1.11479060674261e+18,1.11479060674261e+18,es,"{'id': '206c436ce43a43a3', 'url': 'https://api.twitter.com/1.1/geo/id/206c436ce43a43a3.json', 'place_type': 'city', 'name': 'Madrid', 'full_name': 'Madrid, Espa√±a', 'country_code': 'ES', 'country': 'Espa√±a', 'bounding_box': {'type': 'Polygon', 'coordinates': [[[-3.889005, 40.312071], [-3.889005, 40.643518], [-3.51801, 40.643518], [-3.51801, 40.312071]]]}, 'attributes': {}}",Chorizo de at√∫n de az_eljefe en la @fondalalechuga en Fonda La Lechuga https://t.co/e4EdcBK85x,Fonda,Espa√±a,Madrid,"(-3.889005, 40.312071)",Madrid,yes,"['lechuga', 'Chorizo']",339.0,3.3,23.70000000000001,28.12,72.6,1.5,"['Vegetales', 'Carnes']",female
52,52,52,86,103,2019-04-07 07:25:14.000,1.1147912270047314e+18,1.1147912270047314e+18,es,"{'id': '590e9f3315ea23a7', 'url': 'https://api.twitter.com/1.1/geo/id/590e9f3315ea23a7.json', 'place_type': 'city', 'name': 'Santander', 'full_name': 'Santander, Espa√±a', 'country_code': 'ES', 'country': 'Espa√±a', 'bounding_box': {'type': 'Polygon', 'coordinates': [[[-3.889051, 43.434462], [-3.889051, 43.494818], [-3.763247, 43.494818], [-3.763247, 43.434462]]]}, 'attributes': {}}",NOOOOOOOOO ES LA TARTA DE UNA AMIGA,gema,Espa√±a,Santander,"(-3.889051, 43.434462)",Cantabria,yes,['TARTA'],401.0,49.2,20.2,5.2,101.3,1.2,['Dulces'],female
53,53,53,87,104,2019-04-07 07:25:32.000,1.1147913006861272e+18,1.1147913006861272e+18,es,"{'id': '590e9f3315ea23a7', 'url': 'https://api.twitter.com/1.1/geo/id/590e9f3315ea23a7.json', 'place_type': 'city', 'name': 'Santander', 'full_name': 'Santander, Espa√±a', 'country_code': 'ES', 'country': 'Espa√±a', 'bounding_box': {'type': 'Polygon', 'coordinates': [[[-3.889051, 43.434462], [-3.889051, 43.494818], [-3.763247, 43.494818], [-3.763247, 43.434462]]]}, 'attributes': {}}",esta tarta no est√° m√°s rica porque no puede de verdad te lo digo,gema,Espa√±a,Santander,"(-3.889051, 43.434462)",Cantabria,yes,['tarta'],401.0,49.2,20.2,5.2,101.3,1.2,['Dulces'],female
54,54,54,89,106,2019-04-07 07:28:56.000,1.1147921557872722e+18,1.1147921557872722e+18,es,"{'id': '989361a3d92da3b7', 'url': 'https://api.twitter.com/1.1/geo/id/989361a3d92da3b7.json', 'place_type': 'city', 'name': 'Sese√±a', 'full_name': 'Sese√±a, Espa√±a', 'country_code': 'ES', 'country': 'Espa√±a', 'bounding_box': {'type': 'Polygon', 'coordinates': [[[-3.733956, 40.027326], [-3.733956, 40.143247], [-3.602538, 40.143247], [-3.602538, 40.027326]]]}, 'attributes': {}}",@daudenibanez Menudo cerdo est√°s hecho!,Miguel,Espa√±a,Sese√±a,"(-3.733956, 40.027326)",Castilla la Mancha,yes,['cerdo'],271.0,0.0,17.04,27.34,90.0,0.0,['Carnes'],male
55,55,55,91,109,2019-04-07 07:34:14.000,1.1147934911530024e+18,1.1147934911530024e+18,es,"{'id': '894216ab3128dc84', 'url': 'https://api.twitter.com/1.1/geo/id/894216ab3128dc84.json', 'place_type': 'city', 'name': 'San Andr√©s del Rabanedo', 'full_name': 'San Andr√©s del Rabanedo, Espa√±a', 'country_code': 'ES', 'country': 'Espa√±a', 'bounding_box': {'type': 'Polygon', 'coordinates': [[[-5.749047, 42.584072], [-5.749047, 42.676229], [-5.586292, 42.676229], [-5.586292, 42.584072]]]}, 'attributes': {}}",@YofuiaEGB Con la leche una ambros√≠a.,Maria,Espa√±a,San Andr√©s del Rabanedo,"(-5.749047, 42.584072)",Castilla y Le√≥n,yes,['leche'],65.0,4.7,3.8,3.06,14.0,0.0,['Productos lacteos'],female
56,56,56,93,111,2019-04-07 07:39:06.000,1.114794714799145e+18,1.114794714799145e+18,es,"{'id': '1a27537478dd8e38', 'url': 'https://api.twitter.com/1.1/geo/id/1a27537478dd8e38.json', 'place_type': 'city', 'name': 'Barcelona', 'full_name': 'Barcelona, Espa√±a', 'country_code': 'ES', 'country': 'Espa√±a', 'bounding_box': {'type': 'Polygon', 'coordinates': [[[2.052477, 41.317048], [2.052477, 41.468266], [2.229978, 41.468266], [2.229978, 41.317048]]]}, 'attributes': {}}","@JoanTarda @Esquerra_ERC @VilaWeb Un cerdo vendido por un plato de garbanzos. Has sido toda tu puta vida igual, ya‚Ä¶ https://t.co/TtJbaJPJWB",K,Espa√±a,Barcelona,"(2.052477, 41.317048)",Catalu√±a,yes,['cerdo'],271.0,0.0,17.04,27.34,90.0,0.0,['Carnes'],male
57,57,57,94,112,2019-04-07 07:40:25.000,1.114795045549478e+18,1.114795045549478e+18,es,"{'id': 'f09267661d5e6ccb', 'url': 'https://api.twitter.com/1.1/geo/id/f09267661d5e6ccb.json', 'place_type': 'city', 'name': 'Algete', 'full_name': 'Algete, Espa√±a', 'country_code': 'ES', 'country': 'Espa√±a', 'bounding_box': {'type': 'Polygon', 'coordinates': [[[-3.593641, 40.580792], [-3.593641, 40.656698], [-3.45563, 40.656698], [-3.45563, 40.580792]]]}, 'attributes': {}}","@mariano9605 @eldiariocv Joder, Aznar otra vez borracho?, Hostias no os dije que no le dierais vino?",I√±aki,Espa√±a,Algete,"(-3.593641, 40.580792)",Madrid,yes,['vino'],71.0,0.3,0.0,0.23,0.0,0.0,['Bebidas Alcoholicas'],male
58,58,58,95,114,2019-04-07 07:41:51.000,1.1147954057982566e+18,1.1147954057982566e+18,es,"{'id': '79df5ab27adfb479', 'url': 'https://api.twitter.com/1.1/geo/id/79df5ab27adfb479.json', 'place_type': 'city', 'name': 'San Miguel de Abona', 'full_name': 'San Miguel de Abona, Espa√±a', 'country_code': 'ES', 'country': 'Espa√±a', 'bounding_box': {'type': 'Polygon', 'coordinates': [[[-16.641266, 28.008584], [-16.641266, 28.133117], [-16.59606, 28.133117], [-16.59606, 28.008584]]]}, 'attributes': {}}",@CRITERIABLOG A cualquiera se le llama periodista y a lo mejor ha estado escribiendo crucigramas sudocus o sopa de‚Ä¶ https://t.co/1BOFf2pu8e,Mayra,Espa√±a,San Miguel de Abona,"(-16.641266, 28.008584)",Islas Canarias,yes,['sopa'],321.0,58.24,4.34,10.99,74.0,2.2,['Sopas'],female
59,59,59,96,115,2019-04-07 07:42:28.000,1.114795561339822e+18,1.114795561339822e+18,es,"{'id': '8cba3bfa0ba88f5f', 'url': 'https://api.twitter.com/1.1/geo/id/8cba3bfa0ba88f5f.json', 'place_type': 'city', 'name': 'Zafra de Z√°ncara', 'full_name': 'Zafra de Z√°ncara, Espa√±a', 'country_code': 'ES', 'country': 'Espa√±a', 'bounding_box': {'type': 'Polygon', 'coordinates': [[[-2.619596, 39.857938], [-2.619596, 39.946228], [-2.465688, 39.946228], [-2.465688, 39.857938]]]}, 'attributes': {}}","-Si la vida te da tomates, hazte un labial rojo- 

üíÑtrue red by corazonabeauty en Castilla-La Mancha, Spain https://t.co/NcRx5PmHGi",Beautyandblogger,Espa√±a,Zafra de Z√°ncara,"(-2.619596, 39.857938)",Castilla la Mancha,yes,['tomates'],19.0,3.5,0.1,0.9,0.0,1.1,['Vegetales'],
60,60,60,97,116,2019-04-07 07:44:10.000,1.1147959882737254e+18,1.1147959882737254e+18,es,"{'id': '3d90175134f017a1', 'url': 'https://api.twitter.com/1.1/geo/id/3d90175134f017a1.json', 'place_type': 'city', 'name': 'Torrijos', 'full_name': 'Torrijos, Espa√±a', 'country_code': 'ES', 'country': 'Espa√±a', 'bounding_box': {'type': 'Polygon', 'coordinates': [[[-4.320559, 39.962485], [-4.320559, 40.007441], [-4.247767, 40.007441], [-4.247767, 39.962485]]]}, 'attributes': {}}",Crepe con mini galletas chips ahoy y nocilla... en ra√ºsch caf√© https://t.co/ibjh9tZjNv,ra,Espa√±a,Torrijos,"(-4.320559, 39.962485)",Castilla la Mancha,yes,"['galletas', 'nocilla']",1033.0,184.31,85.77,11.26,50.17,5.01,"['Dulces', 'Grasas y aceites']",male
61,61,61,99,118,2019-04-07 07:47:28.000,1.1147968220930212e+18,1.1147968220930212e+18,es,"{'id': '88b5a72f641ba0e7', 'url': 'https://api.twitter.com/1.1/geo/id/88b5a72f641ba0e7.json', 'place_type': 'city', 'name': 'Puerto de la Cruz', 'full_name': 'Puerto de la Cruz, Espa√±a', 'country_code': 'ES', 'country': 'Espa√±a', 'bounding_box': {'type': 'Polygon', 'coordinates': [[[-16.569425, 28.390962], [-16.569425, 28.421148], [-16.518415, 28.421148], [-16.518415, 28.390962]]]}, 'attributes': {}}",Hoy en @ACPinolere #LaOrotava feria del #queso  no te lo pierdas! #viveelnorte #tenerifefelicidad @VisitTenerifeES‚Ä¶ https://t.co/k5qaM9m3Gj,Vive,Espa√±a,Puerto de la Cruz,"(-16.569425, 28.390962)",Islas Canarias,yes,['queso'],450.0,0.51,34.0,35.77,74.4,0.0,['Productos lacteos'],female
62,62,62,100,119,2019-04-07 07:50:53.000,1.1147976816989102e+18,1.1147976816989102e+18,es,"{'id': '083183eed5369ce5', 'url': 'https://api.twitter.com/1.1/geo/id/083183eed5369ce5.json', 'place_type': 'city', 'name': 'Palam√≥s', 'full_name': 'Palam√≥s, Spain', 'country_code': 'ES', 'country': 'Spain', 'bounding_box': {'type': 'Polygon', 'coordinates': [[[3.096196, 41.841107], [3.096196, 41.88965], [3.176958, 41.88965], [3.176958, 41.841107]]]}, 'attributes': {}}",Vino y literatura. Mujeres sabias y maravillosas  y @masvidaceller. Maridaje. El rojo del vino y el rojo de las emo‚Ä¶ https://t.co/bIhmi2nDxg,Eva,Spain,Palam√≥s,"(3.096196, 41.841107)",Catalu√±a,yes,['vino'],71.0,0.3,0.0,0.23,0.0,0.0,['Bebidas Alcoholicas'],female
63,63,63,101,120,2019-04-07 07:52:10.000,1.1147980039556874e+18,1.1147980039556874e+18,es,"{'id': '071a52d3a927a1b8', 'url': 'https://api.twitter.com/1.1/geo/id/071a52d3a927a1b8.json', 'place_type': 'city', 'name': 'Valencia', 'full_name': 'Valencia, Espa√±a', 'country_code': 'ES', 'country': 'Espa√±a', 'bounding_box': {'type': 'Polygon', 'coordinates': [[[-0.43254499999999996, 39.278381], [-0.43254499999999996, 39.566588], [-0.272513, 39.566588], [-0.272513, 39.278381]]]}, 'attributes': {}}",No hay nada como unas costillas bien cocinadas y sabrosas para que se te caiga una lagrimita de los ojos... pero no‚Ä¶ https://t.co/ajhOXYXDaI,De,Espa√±a,Valencia,"(-0.43254499999999996, 39.278381)",Comunidad Valenciana,yes,"['costillas', 'costilla']",513.0,0.0,47.2,34.2,154.0,0.0,"['Carnes', 'Carnes']",male
64,64,64,103,122,2019-04-07 08:00:06.000,1.1147999999662204e+18,1.1147999999662204e+18,es,"{'id': '071a52d3a927a1b8', 'url': 'https://api.twitter.com/1.1/geo/id/071a52d3a927a1b8.json', 'place_type': 'city', 'name': 'Valencia', 'full_name': 'Valencia, Espa√±a', 'country_code': 'ES', 'country': 'Espa√±a', 'bounding_box': {'type': 'Polygon', 'coordinates': [[[-0.43254499999999996, 39.278381], [-0.43254499999999996, 39.566588], [-0.272513, 39.566588], [-0.272513, 39.278381]]]}, 'attributes': {}}","Nuestra CEBOLLA de la huerta de Valencia, @Saboresdeanabel Caramelizada con az√∫car moreno y especias, un disfrute d‚Ä¶ https://t.co/nuCiMNmWY3",Sabores,Espa√±a,Valencia,"(-0.43254499999999996, 39.278381)",Comunidad Valenciana,yes,"['CEBOLLA', 'especias']",500.0,22.0,35.5,20.325,0.0,24.8,"['Vegetales', 'Hierbas y especias']",
65,65,65,106,125,2019-04-07 08:03:18.000,1.1148008054152152e+18,1.1148008054152152e+18,es,"{'id': '1a27537478dd8e38', 'url': 'https://api.twitter.com/1.1/geo/id/1a27537478dd8e38.json', 'place_type': 'city', 'name': 'Barcelona', 'full_name': 'Barcelona, Espa√±a', 'country_code': 'ES', 'country': 'Espa√±a', 'bounding_box': {'type': 'Polygon', 'coordinates': [[[2.052477, 41.317048], [2.052477, 41.468266], [2.229978, 41.468266], [2.229978, 41.317048]]]}, 'attributes': {}}","Buenos d√≠as. 
Homenaje a un chocolate Tulakalum 75% un chocolate con un car√°cter muy fuerte y marcado. https://t.co/NPGfq94jr9",Eddi,Espa√±a,Barcelona,"(2.052477, 41.317048)",Catalu√±a,yes,['chocolate'],271.33,59.23,30.53,7.29,20.0,0.53,['Dulces'],male
66,66,66,108,127,2019-04-07 08:08:53.000,1.1148022105782844e+18,1.1148022105782844e+18,es,"{'id': 'd1272bba8714df3d', 'url': 'https://api.twitter.com/1.1/geo/id/d1272bba8714df3d.json', 'place_type': 'city', 'name': 'Oviedo', 'full_name': 'Oviedo, Espa√±a', 'country_code': 'ES', 'country': 'Espa√±a', 'bounding_box': {'type': 'Polygon', 'coordinates': [[[-6.0201, 43.278867], [-6.0201, 43.427428], [-5.7423, 43.427428], [-5.7423, 43.278867]]]}, 'attributes': {}}",Vamos a la fiesta de prado a comer pan relleno de chorizo.,V,Espa√±a,Oviedo,"(-6.0201, 43.278867)",Asturias,yes,['chorizo'],323.0,1.9,23.1,27.0,72.6,0.0,['Carnes'],female
67,67,67,109,130,2019-04-07 08:14:29.000,1.1148036197134336e+18,1.1148036197134336e+18,es,"{'id': '206c436ce43a43a3', 'url': 'https://api.twitter.com/1.1/geo/id/206c436ce43a43a3.json', 'place_type': 'city', 'name': 'Madrid', 'full_name': 'Madrid, Espa√±a', 'country_code': 'ES', 'country': 'Espa√±a', 'bounding_box': {'type': 'Polygon', 'coordinates': [[[-3.889005, 40.312071], [-3.889005, 40.643518], [-3.51801, 40.643518], [-3.51801, 40.312071]]]}, 'attributes': {}}",@marg546 Estoy de vacaciones en Espa√±a desapareci√≥ el gordo Samid? Ser√° por el precio de la carne? ü§îü§≠,Hugo,Espa√±a,Madrid,"(-3.889005, 40.312071)",Madrid,yes,['carne'],80.75,0.0,8.0,22.1,66.7,0.0,['Carnes'],male
68,68,68,111,132,2019-04-07 08:20:33.000,1.1148051475474432e+18,1.1148051475474432e+18,es,"{'id': 'd151b58850d4cd1e', 'url': 'https://api.twitter.com/1.1/geo/id/d151b58850d4cd1e.json', 'place_type': 'city', 'name': 'Cartagena', 'full_name': 'Cartagena, Espa√±a', 'country_code': 'ES', 'country': 'Espa√±a', 'bounding_box': {'type': 'Polygon', 'coordinates': [[[-1.225551, 37.533889], [-1.225551, 37.731143], [-0.688067, 37.731143], [-0.688067, 37.533889]]]}, 'attributes': {}}",Atlantis es pura pero pura crema los personajes son tan carism√°ticos que podr√≠as hacer una peli de cada uno sin dud‚Ä¶ https://t.co/MY2IWsqo0o,Nachitojamoncito,Espa√±a,Cartagena,"(-1.225551, 37.533889)",Murcia,yes,['crema'],159.0,22.3,5.36,4.9,120.0,0.3,['Productos lacteos'],
69,69,69,117,139,2019-04-07 08:27:42.000,1.1148069438251786e+18,1.1148069438251786e+18,es,"{'id': '3afc29d1fe76301f', 'url': 'https://api.twitter.com/1.1/geo/id/3afc29d1fe76301f.json', 'place_type': 'city', 'name': 'Zaragoza', 'full_name': 'Zaragoza, Espa√±a', 'country_code': 'ES', 'country': 'Espa√±a', 'bounding_box': {'type': 'Polygon', 'coordinates': [[[-1.174093, 41.451835], [-1.174093, 41.931438], [-0.680572, 41.931438], [-0.680572, 41.451835]]]}, 'attributes': {}}",Deber√≠as estar endereza do pl√°tanos y no jodiendo al estado espa√±ol. Eres el homosexual que se acuesta con un parti‚Ä¶ https://t.co/lj9gvuUJA0,Dorado,Espa√±a,Zaragoza,"(-1.174093, 41.451835)",Arag√≥n,yes,"['pl√°tano', 'pl√°tanos']",178.0,80.0,0.6,2.4,0.0,6.8,"['Frutas', 'Frutas']",
70,70,70,118,140,2019-04-07 08:28:36.000,1.1148071704602664e+18,1.1148071704602664e+18,es,"{'id': '206c436ce43a43a3', 'url': 'https://api.twitter.com/1.1/geo/id/206c436ce43a43a3.json', 'place_type': 'city', 'name': 'Madrid', 'full_name': 'Madrid, Espa√±a', 'country_code': 'ES', 'country': 'Espa√±a', 'bounding_box': {'type': 'Polygon', 'coordinates': [[[-3.889005, 40.312071], [-3.889005, 40.643518], [-3.51801, 40.643518], [-3.51801, 40.312071]]]}, 'attributes': {}}",Dios bendiga los churros con chocolate üôè,Laura,Espa√±a,Madrid,"(-3.889005, 40.312071)",Madrid,yes,['chocolate'],271.33,59.23,30.53,7.29,20.0,0.53,['Dulces'],female
71,71,71,120,144,2019-04-07 08:32:47.000,1.1148082250884548e+18,1.1148082250884548e+18,es,"{'id': '071a52d3a927a1b8', 'url': 'https://api.twitter.com/1.1/geo/id/071a52d3a927a1b8.json', 'place_type': 'city', 'name': 'Valencia', 'full_name': 'Valencia, Espa√±a', 'country_code': 'ES', 'country': 'Espa√±a', 'bounding_box': {'type': 'Polygon', 'coordinates': [[[-0.43254499999999996, 39.278381], [-0.43254499999999996, 39.566588], [-0.272513, 39.566588], [-0.272513, 39.278381]]]}, 'attributes': {}}",No hay nada como unas costillas bien cocinadas y sabrosas para que se te caiga una lagrimita de los ojos... pero no‚Ä¶ https://t.co/kT84anz2qx,De,Espa√±a,Valencia,"(-0.43254499999999996, 39.278381)",Comunidad Valenciana,yes,"['costillas', 'costilla']",513.0,0.0,47.2,34.2,154.0,0.0,"['Carnes', 'Carnes']",male
72,72,72,121,147,2019-04-07 08:35:10.000,1.114808823175422e+18,1.114808823175422e+18,es,"{'id': 'cd43ea85d651af92', 'url': 'https://api.twitter.com/1.1/geo/id/cd43ea85d651af92.json', 'place_type': 'city', 'name': 'Bilbao', 'full_name': 'Bilbao, Espa√±a', 'country_code': 'ES', 'country': 'Espa√±a', 'bounding_box': {'type': 'Polygon', 'coordinates': [[[-2.98601, 43.213654], [-2.98601, 43.290145], [-2.880325, 43.290145], [-2.880325, 43.213654]]]}, 'attributes': {}}","Pechuga de pato azul√≥
De nuestro men√∫ degustaci√≥n. 
.
.
.
.
.
.

#culpableporcomer 
#guidemichelin2019‚Ä¶ https://t.co/islvV3xyF2",Daniel,Espa√±a,Bilbao,"(-2.98601, 43.213654)",Pais Vasco,yes,"['pato', 'Pechuga']",243.0,0.0,7.7,42.8,168.0,0.0,"['Productos avicolas', 'Productos avicolas']",male
73,73,73,124,150,2019-04-07 08:38:40.000,1.1148097043441664e+18,1.1148097043441664e+18,es,"{'id': '071a52d3a927a1b8', 'url': 'https://api.twitter.com/1.1/geo/id/071a52d3a927a1b8.json', 'place_type': 'city', 'name': 'Valencia', 'full_name': 'Valencia, Espa√±a', 'country_code': 'ES', 'country': 'Espa√±a', 'bounding_box': {'type': 'Polygon', 'coordinates': [[[-0.43254499999999996, 39.278381], [-0.43254499999999996, 39.566588], [-0.272513, 39.566588], [-0.272513, 39.278381]]]}, 'attributes': {}}",@bruno18fortea @Shoack1 @Pepe_Nacho7 Compartimos unas patatas en el OMG y ahora me dices est√°s cosas,Druani,Espa√±a,Valencia,"(-0.43254499999999996, 39.278381)",Comunidad Valenciana,yes,['patatas'],538.0,49.5,34.9,6.5,0.0,4.0,['Vegetales'],
74,74,74,126,152,2019-04-07 08:41:09.000,1.114810331740758e+18,1.114810331740758e+18,es,"{'id': '4175fa46bddb1517', 'url': 'https://api.twitter.com/1.1/geo/id/4175fa46bddb1517.json', 'place_type': 'city', 'name': 'Cangas del Narcea', 'full_name': 'Cangas del Narcea, Espa√±a', 'country_code': 'ES', 'country': 'Espa√±a', 'bounding_box': {'type': 'Polygon', 'coordinates': [[[-6.800112, 42.956301], [-6.800112, 43.275496], [-6.356709, 43.275496], [-6.356709, 42.956301]]]}, 'attributes': {}}","@gaalal Follar est√° bien, pero ens√©√±ame a cocer macarrones, y tendr√°s hidratos de carbono toda la vida.",Muni,Espa√±a,Cangas del Narcea,"(-6.800112, 42.956301)",Asturias,yes,['macarrones'],203.0,21.46,9.4,7.94,17.0,1.1,['Cereales y derivados'],male
75,75,75,127,153,2019-04-07 08:42:54.000,1.114810771719041e+18,1.114810771719041e+18,es,"{'id': '071a52d3a927a1b8', 'url': 'https://api.twitter.com/1.1/geo/id/071a52d3a927a1b8.json', 'place_type': 'city', 'name': 'Valencia', 'full_name': 'Valencia, Espa√±a', 'country_code': 'ES', 'country': 'Espa√±a', 'bounding_box': {'type': 'Polygon', 'coordinates': [[[-0.43254499999999996, 39.278381], [-0.43254499999999996, 39.566588], [-0.272513, 39.566588], [-0.272513, 39.278381]]]}, 'attributes': {}}","@levante_emv @jlgarcianieves La pregunta es ¬ø,Que hacen las otras zonas productoras de arroz en Espa√±a?, ¬øComo se d‚Ä¶ https://t.co/foToFakUSD",Paco,Espa√±a,Valencia,"(-0.43254499999999996, 39.278381)",Comunidad Valenciana,yes,['arroz'],387.0,172.0,0.9,7.0,0.0,0.2,['Cereales y derivados'],male
76,76,76,130,157,2019-04-07 08:47:44.000,1.1148119856470876e+18,1.1148119856470876e+18,es,"{'id': '507a015cba6ef518', 'url': 'https://api.twitter.com/1.1/geo/id/507a015cba6ef518.json', 'place_type': 'city', 'name': 'M√°laga', 'full_name': 'M√°laga, Espa√±a', 'country_code': 'ES', 'country': 'Espa√±a', 'bounding_box': {'type': 'Polygon', 'coordinates': [[[-4.587928, 36.635585], [-4.587928, 36.894171], [-4.260134, 36.894171], [-4.260134, 36.635585]]]}, 'attributes': {}}",@SanJoseMalaga @LdeFsj Aqui os dejo la paella de este a√±o 2019. https://t.co/wHp0Et3Hlb,Ricardo,Espa√±a,M√°laga,"(-4.587928, 36.635585)",Andaluc√≠a,yes,['paella'],173.0,17.44,5.74,12.37,44.81,0.5,['Cereales y derivados'],male
77,77,77,132,160,2019-04-07 08:49:24.000,1.1148124063902432e+18,1.1148124063902432e+18,es,"{'id': '4ecb58704564d392', 'url': 'https://api.twitter.com/1.1/geo/id/4ecb58704564d392.json', 'place_type': 'city', 'name': 'C√≥rdoba', 'full_name': 'C√≥rdoba, Espa√±a', 'country_code': 'ES', 'country': 'Espa√±a', 'bounding_box': {'type': 'Polygon', 'coordinates': [[[-4.9970099999999995, 37.664255], [-4.9970099999999995, 38.030946], [-4.351492, 38.030946], [-4.351492, 37.664255]]]}, 'attributes': {}}","@Mariamtoday Jejeje tampoco, tostadas y leche bocata y zumo, etc",Relajate,Espa√±a,C√≥rdoba,"(-4.9970099999999995, 37.664255)",Andaluc√≠a,yes,"['leche', 'zumo']",108.0,14.5,3.8,3.06,14.0,0.0,"['Productos lacteos', 'Bebidas']",
78,78,78,133,161,2019-04-07 08:50:16.000,1.1148126239487428e+18,1.1148126239487428e+18,es,"{'id': '2afe3164f39d1b83', 'url': 'https://api.twitter.com/1.1/geo/id/2afe3164f39d1b83.json', 'place_type': 'city', 'name': 'Valladolid', 'full_name': 'Valladolid, Espa√±a', 'country_code': 'ES', 'country': 'Espa√±a', 'bounding_box': {'type': 'Polygon', 'coordinates': [[[-4.928146, 41.523108], [-4.928146, 41.815553], [-4.630882, 41.815553], [-4.630882, 41.523108]]]}, 'attributes': {}}","Estrenamos tarta: Capuccino y merengue!!ü§©ü§©üòçüòç
.
.
Atentos a los vermuteros que tambi√©n tenemos novedades...
.
Feliz‚Ä¶ https://t.co/w4YJcC9HIn",CafeElPaquidermo,Espa√±a,Valladolid,"(-4.928146, 41.523108)",Castilla y Le√≥n,yes,['tarta'],401.0,49.2,20.2,5.2,101.3,1.2,['Dulces'],
79,79,79,134,162,2019-04-07 08:50:27.000,1.1148126719819572e+18,1.1148126719819572e+18,es,"{'id': '9b774b705f254f2c', 'url': 'https://api.twitter.com/1.1/geo/id/9b774b705f254f2c.json', 'place_type': 'city', 'name': 'Sant Lloren√ß des Cardassar', 'full_name': 'Sant Lloren√ß des Cardassar, Espa√±a', 'country_code': 'ES', 'country': 'Espa√±a', 'bounding_box': {'type': 'Polygon', 'coordinates': [[[3.242623, 39.56586], [3.242623, 39.683628], [3.404283, 39.683628], [3.404283, 39.56586]]]}, 'attributes': {}}","Tras los excesos de la cena de ayer noche con tarta incluida, realizamos 16h de ayuno intermitente hasta las 14h.‚Ä¶ https://t.co/LxI3OhpCDP",Xisco,Espa√±a,Sant Lloren√ß des Cardassar,"(3.242623, 39.56586)",Islas Baleares,yes,['tarta'],401.0,49.2,20.2,5.2,101.3,1.2,['Dulces'],male
80,80,80,135,164,2019-04-07 08:53:37.000,1.1148134659217696e+18,1.1148134659217696e+18,es,"{'id': '715325aceccc7851', 'url': 'https://api.twitter.com/1.1/geo/id/715325aceccc7851.json', 'place_type': 'city', 'name': 'Sabadell', 'full_name': 'Sabadell, Espa√±a', 'country_code': 'ES', 'country': 'Espa√±a', 'bounding_box': {'type': 'Polygon', 'coordinates': [[[2.046492, 41.506472], [2.046492, 41.591238], [2.150242, 41.591238], [2.150242, 41.506472]]]}, 'attributes': {}}","Pasta. (Echnique) Pasta.
Tu que crees que puede haber detr√°s? Los que tienen la Pasta.",Salvador,Espa√±a,Sabadell,"(2.046492, 41.506472)",Catalu√±a,yes,['Pasta'],252.0,47.44,2.26,9.35,30.0,4.58,['Cereales y derivados'],male
81,81,81,138,170,2019-04-07 09:01:33.000,1.1148154651409572e+18,1.1148154651409572e+18,es,"{'id': 'd1272bba8714df3d', 'url': 'https://api.twitter.com/1.1/geo/id/d1272bba8714df3d.json', 'place_type': 'city', 'name': 'Oviedo', 'full_name': 'Oviedo, Spain', 'country_code': 'ES', 'country': 'Spain', 'bounding_box': {'type': 'Polygon', 'coordinates': [[[-6.0201, 43.278867], [-6.0201, 43.427428], [-5.7423, 43.427428], [-5.7423, 43.278867]]]}, 'attributes': {}}",si de verdad dios existe por qu√© no deja comer chocolate a los perros,danonino,Spain,Oviedo,"(-6.0201, 43.278867)",Asturias,yes,['chocolate'],271.33,59.23,30.53,7.29,20.0,0.53,['Dulces'],
82,82,82,139,171,2019-04-07 09:02:15.000,1.1148156389193728e+18,1.1148156389193728e+18,es,"{'id': '6f175b76c415560b', 'url': 'https://api.twitter.com/1.1/geo/id/6f175b76c415560b.json', 'place_type': 'city', 'name': 'Camale√±o', 'full_name': 'Camale√±o, Espa√±a', 'country_code': 'ES', 'country': 'Espa√±a', 'bounding_box': {'type': 'Polygon', 'coordinates': [[[-4.853051, 43.074112], [-4.853051, 43.21162], [-4.622598, 43.21162], [-4.622598, 43.074112]]]}, 'attributes': {}}","Me parece buena idea para tener un #FelizDomingo
Viva la nata y la madre que la monto üòÇ
@ElCaballoGoloso üé† üòã‚Ä¶ https://t.co/rG4etFwP0k",u,Espa√±a,Camale√±o,"(-4.853051, 43.074112)",Cantabria,yes,['nata'],202.0,3.4,19.98,2.51,70.0,0.0,['Productos lacteos'],female
83,83,83,140,173,2019-04-07 09:04:02.000,1.1148160892744294e+18,1.1148160892744294e+18,es,"{'id': '071a52d3a927a1b8', 'url': 'https://api.twitter.com/1.1/geo/id/071a52d3a927a1b8.json', 'place_type': 'city', 'name': 'Valencia', 'full_name': 'Valencia, Espa√±a', 'country_code': 'ES', 'country': 'Espa√±a', 'bounding_box': {'type': 'Polygon', 'coordinates': [[[-0.43254499999999996, 39.278381], [-0.43254499999999996, 39.566588], [-0.272513, 39.566588], [-0.272513, 39.278381]]]}, 'attributes': {}}",To la sierte del mundo de tenerte en mi vida culo pollo üíçüîêüíô https://t.co/Dn8clWv7UO,,Espa√±a,Valencia,"(-0.43254499999999996, 39.278381)",Comunidad Valenciana,yes,['pollo'],166.0,0.0,9.6,19.9,99.0,0.0,['Productos avicolas'],male
84,84,84,141,174,2019-04-07 09:05:07.000,1.1148163611743192e+18,1.1148163611743192e+18,es,"{'id': 'd9ebaeaac39060be', 'url': 'https://api.twitter.com/1.1/geo/id/d9ebaeaac39060be.json', 'place_type': 'city', 'name': 'Ourense', 'full_name': 'Ourense, Espa√±a', 'country_code': 'ES', 'country': 'Espa√±a', 'bounding_box': {'type': 'Polygon', 'coordinates': [[[-8.003734, 42.288179], [-8.003734, 42.398321], [-7.805959, 42.398321], [-7.805959, 42.288179]]]}, 'attributes': {}}",¬øQu√© os parecen estas Empanadas de mollejas y rillettes de pato de @anadesgalicia elaboradas por farinatagourmet ?‚Ä¶ https://t.co/mzHR1oVzCw,√Ånades,Espa√±a,Ourense,"(-8.003734, 42.288179)",Galicia,yes,"['nata', 'molleja', 'pato']",472.0,3.4,34.28,37.51000000000001,440.0,0.0,"['Productos lacteos', 'Productos avicolas', 'Productos avicolas']",
85,85,85,142,175,2019-04-07 09:05:16.000,1.1148163989398897e+18,1.1148163989398897e+18,es,"{'id': '1a27537478dd8e38', 'url': 'https://api.twitter.com/1.1/geo/id/1a27537478dd8e38.json', 'place_type': 'city', 'name': 'Barcelona', 'full_name': 'Barcelona, Spain', 'country_code': 'ES', 'country': 'Spain', 'bounding_box': {'type': 'Polygon', 'coordinates': [[[2.052477, 41.317048], [2.052477, 41.468266], [2.229978, 41.468266], [2.229978, 41.317048]]]}, 'attributes': {}}",‚ú®Pudding de ch√≠a‚ú®Un imprescindible en cualquier desayuno o merienda.                     Las semillas de Chia son u‚Ä¶ https://t.co/ONP0xs0yzV,MT,Spain,Barcelona,"(2.052477, 41.317048)",Catalu√±a,yes,[],0.0,0.0,0.0,0.0,0.0,0.0,[],male
86,86,86,143,176,2019-04-07 09:06:13.000,1.1148166384387727e+18,1.1148166384387727e+18,es,"{'id': '5049c7f4a4d04b42', 'url': 'https://api.twitter.com/1.1/geo/id/5049c7f4a4d04b42.json', 'place_type': 'city', 'name': 'Humanes de Madrid', 'full_name': 'Humanes de Madrid, Espa√±a', 'country_code': 'ES', 'country': 'Espa√±a', 'bounding_box': {'type': 'Polygon', 'coordinates': [[[-3.853574, 40.227078], [-3.853574, 40.277452], [-3.796185, 40.277452], [-3.796185, 40.227078]]]}, 'attributes': {}}","Tres pedazos de #pizza pegados, ¬øvalen por uno?
Pues no s√© yo si el resto de personas con las que la est√°s comparti‚Ä¶ https://t.co/cM7Nuku3cH",name,Espa√±a,Humanes de Madrid,"(-3.853574, 40.227078)",Madrid,yes,['pizza'],477.0,22.2,9.8,8.2,16.0,1.7,['Comida rapida'],
87,87,87,145,178,2019-04-07 09:10:19.000,1.114817668123648e+18,1.114817668123648e+18,es,"{'id': '8dedc021ccbff4ea', 'url': 'https://api.twitter.com/1.1/geo/id/8dedc021ccbff4ea.json', 'place_type': 'city', 'name': 'Mazarr√≥n', 'full_name': 'Mazarr√≥n, Espa√±a', 'country_code': 'ES', 'country': 'Espa√±a', 'bounding_box': {'type': 'Polygon', 'coordinates': [[[-1.475708, 37.517376], [-1.475708, 37.723892], [-1.208218, 37.723892], [-1.208218, 37.517376]]]}, 'attributes': {}}","En esta casa cocinamos con la memoria, la raz√≥n y ,sobre todo, el coraz√≥n: #Carrillada de cerdo #ib√©rico a la‚Ä¶ https://t.co/pGZ4mATDoF",Fizz,Espa√±a,Mazarr√≥n,"(-1.475708, 37.517376)",Murcia,yes,['cerdo'],271.0,0.0,17.04,27.34,90.0,0.0,['Carnes'],female
88,88,88,146,179,2019-04-07 09:11:50.000,1.1148180514076017e+18,1.1148180514076017e+18,es,"{'id': '206c436ce43a43a3', 'url': 'https://api.twitter.com/1.1/geo/id/206c436ce43a43a3.json', 'place_type': 'city', 'name': 'Madrid', 'full_name': 'Madrid, Espa√±a', 'country_code': 'ES', 'country': 'Espa√±a', 'bounding_box': {'type': 'Polygon', 'coordinates': [[[-3.889005, 40.312071], [-3.889005, 40.643518], [-3.51801, 40.643518], [-3.51801, 40.312071]]]}, 'attributes': {}}","Ajajajshshajj EU IQ. Coges un cofre del tesoro y me viene un pavo, me hace gastar 2 grietas y 2 launch pads. Espero‚Ä¶ https://t.co/QO9CTLkCC0",FA,Espa√±a,Madrid,"(-3.889005, 40.312071)",Madrid,yes,['pavo'],119.0,0.0,2.86,21.77,65.0,0.0,['Productos avicolas'],female
89,89,89,150,183,2019-04-07 09:13:26.000,1.1148184535784244e+18,1.1148184535784244e+18,es,"{'id': '3f5102bbac88f700', 'url': 'https://api.twitter.com/1.1/geo/id/3f5102bbac88f700.json', 'place_type': 'city', 'name': 'Alhaur√≠n de la Torre', 'full_name': 'Alhaur√≠n de la Torre, Espa√±a', 'country_code': 'ES', 'country': 'Espa√±a', 'bounding_box': {'type': 'Polygon', 'coordinates': [[[-4.640553, 36.611816], [-4.640553, 36.716195], [-4.5163, 36.716195], [-4.5163, 36.611816]]]}, 'attributes': {}}","Es muy triste pero todos tenemos la culpa. Cuando abrimos una lechuga de supermercado, tomamos un caf√© en la calle‚Ä¶ https://t.co/kDn6CKai2U",Jean,Espa√±a,Alhaur√≠n de la Torre,"(-4.640553, 36.611816)",Andaluc√≠a,yes,['lechuga'],16.0,1.4,0.6,1.12,0.0,1.5,['Vegetales'],female
90,90,90,151,184,2019-04-07 09:13:32.000,1.11481847853867e+18,1.11481847853867e+18,es,"{'id': '1a27537478dd8e38', 'url': 'https://api.twitter.com/1.1/geo/id/1a27537478dd8e38.json', 'place_type': 'city', 'name': 'Barcelona', 'full_name': 'Barcelona, Espa√±a', 'country_code': 'ES', 'country': 'Espa√±a', 'bounding_box': {'type': 'Polygon', 'coordinates': [[[2.052477, 41.317048], [2.052477, 41.468266], [2.229978, 41.468266], [2.229978, 41.317048]]]}, 'attributes': {}}",@brujoPalotes @grumositor @VilaroyJos @PrincipeMaine Pues es gente a la que no le gusta la mermelada.,Sergi,Espa√±a,Barcelona,"(2.052477, 41.317048)",Catalu√±a,yes,['mermelada'],260.0,66.63,0.14,0.54,0.0,0.7,['Vegetales'],male
91,91,91,153,186,2019-04-07 09:14:50.000,1.1148188077412556e+18,1.1148188077412556e+18,es,"{'id': '3664f2661a93bef8', 'url': 'https://api.twitter.com/1.1/geo/id/3664f2661a93bef8.json', 'place_type': 'city', 'name': 'Camas', 'full_name': 'Camas, Espa√±a', 'country_code': 'ES', 'country': 'Espa√±a', 'bounding_box': {'type': 'Polygon', 'coordinates': [[[-6.063092, 37.377038], [-6.063092, 37.423843], [-6.012993, 37.423843], [-6.012993, 37.377038]]]}, 'attributes': {}}","üò∞‚úîHoy √∫ltimo d√≠a de la Ruta de la tapa ¬°¬°¬° Recuerda sellar tu tapa-porte al pedir tu tarta de zanahoriasüç∞üí´‚òï en 
MüçéO‚Ä¶ https://t.co/VAXXBboogs",Morgana,Espa√±a,Camas,"(-6.063092, 37.377038)",Andaluc√≠a,yes,"['tarta', 'zanahorias']",435.0,63.2,20.5,6.0,101.3,3.8,"['Dulces', 'Vegetales']",female
92,92,92,157,193,2019-04-07 09:19:17.000,1.1148199272051384e+18,1.1148199272051384e+18,es,"{'id': '30fa593df7272ac5', 'url': 'https://api.twitter.com/1.1/geo/id/30fa593df7272ac5.json', 'place_type': 'city', 'name': 'Goz√≥n', 'full_name': 'Goz√≥n, Espa√±a', 'country_code': 'ES', 'country': 'Espa√±a', 'bounding_box': {'type': 'Polygon', 'coordinates': [[[-5.948078, 43.553966], [-5.948078, 43.659232], [-5.76759, 43.659232], [-5.76759, 43.553966]]]}, 'attributes': {}}","@puchovic Uy no, lo de la carne de caballo no te lo compro üòëüòÖ",Paula,Espa√±a,Goz√≥n,"(-5.948078, 43.553966)",Asturias,yes,['carne'],80.75,0.0,8.0,22.1,66.7,0.0,['Carnes'],female
93,93,93,160,197,2019-04-07 09:20:58.000,1.1148203522643516e+18,1.1148203522643516e+18,es,"{'id': '206c436ce43a43a3', 'url': 'https://api.twitter.com/1.1/geo/id/206c436ce43a43a3.json', 'place_type': 'city', 'name': 'Madrid', 'full_name': 'Madrid, Espa√±a', 'country_code': 'ES', 'country': 'Espa√±a', 'bounding_box': {'type': 'Polygon', 'coordinates': [[[-3.889005, 40.312071], [-3.889005, 40.643518], [-3.51801, 40.643518], [-3.51801, 40.312071]]]}, 'attributes': {}}","¬°Te proponemos un #DesayunoSaludable y rico en #fibra para este fin de semana, Espelta Crujiente con leche vegetal!‚Ä¶ https://t.co/zjyZ9vw8Se",Herbolario,Espa√±a,Madrid,"(-3.889005, 40.312071)",Madrid,yes,"['leche', 'vegetal']",200.0,13.31,15.35,4.55,14.0,3.1,"['Productos lacteos', 'Vegetales']",male
94,94,94,161,198,2019-04-07 09:21:55.000,1.1148205880051548e+18,1.1148205880051548e+18,es,"{'id': 'a57cb97a72205173', 'url': 'https://api.twitter.com/1.1/geo/id/a57cb97a72205173.json', 'place_type': 'city', 'name': 'La Orotava', 'full_name': 'La Orotava, Espa√±a', 'country_code': 'ES', 'country': 'Espa√±a', 'bounding_box': {'type': 'Polygon', 'coordinates': [[[-16.685869, 28.197784], [-16.685869, 28.425027], [-16.462011, 28.425027], [-16.462011, 28.197784]]]}, 'attributes': {}}","En el a√±o 2006 se hac√≠a el festival #eolica en #tenetife, como pod√©is ver no era moco de pavo, grandes y buenos rec‚Ä¶ https://t.co/NPW406m9YI",MR,Espa√±a,La Orotava,"(-16.685869, 28.197784)",Islas Canarias,yes,['pavo'],119.0,0.0,2.86,21.77,65.0,0.0,['Productos avicolas'],
95,95,95,162,199,2019-04-07 09:22:04.000,1.1148206267982684e+18,1.1148206267982684e+18,es,"{'id': '206c436ce43a43a3', 'url': 'https://api.twitter.com/1.1/geo/id/206c436ce43a43a3.json', 'place_type': 'city', 'name': 'Madrid', 'full_name': 'Madrid, Espa√±a', 'country_code': 'ES', 'country': 'Espa√±a', 'bounding_box': {'type': 'Polygon', 'coordinates': [[[-3.889005, 40.312071], [-3.889005, 40.643518], [-3.51801, 40.643518], [-3.51801, 40.312071]]]}, 'attributes': {}}","¬°Te proponemos un #DesayunoSaludable y rico en #fibra para este fin de semana, Espelta Crujiente con leche vegetal!‚Ä¶ https://t.co/nksVE49DwK",Herbolario,Espa√±a,Madrid,"(-3.889005, 40.312071)",Madrid,yes,"['leche', 'vegetal']",200.0,13.31,15.35,4.55,14.0,3.1,"['Productos lacteos', 'Vegetales']",male
96,96,96,163,200,2019-04-07 09:22:44.000,1.1148207950067057e+18,1.1148207950067057e+18,es,"{'id': 'd1272bba8714df3d', 'url': 'https://api.twitter.com/1.1/geo/id/d1272bba8714df3d.json', 'place_type': 'city', 'name': 'Oviedo', 'full_name': 'Oviedo, Espa√±a', 'country_code': 'ES', 'country': 'Espa√±a', 'bounding_box': {'type': 'Polygon', 'coordinates': [[[-6.0201, 43.278867], [-6.0201, 43.427428], [-5.7423, 43.427428], [-5.7423, 43.278867]]]}, 'attributes': {}}","@RecuerdosACB Y no fue falta, ni antideportiva, ni hostias en vinagre. Hoy al minuto 2, estar√≠an con 4 faltas cada uno.",PepeGol,Espa√±a,Oviedo,"(-6.0201, 43.278867)",Asturias,yes,['vinagre'],4.0,0.6,0.0,0.4,0.0,0.0,['Salsas'],
97,97,97,164,201,2019-04-07 09:23:04.000,1.11482087735765e+18,1.11482087735765e+18,es,"{'id': '030b0f58ee21b276', 'url': 'https://api.twitter.com/1.1/geo/id/030b0f58ee21b276.json', 'place_type': 'city', 'name': 'Caudete', 'full_name': 'Caudete, Espa√±a', 'country_code': 'ES', 'country': 'Espa√±a', 'bounding_box': {'type': 'Polygon', 'coordinates': [[[-1.120854, 38.65492], [-1.120854, 38.774273], [-0.91579, 38.774273], [-0.91579, 38.65492]]]}, 'attributes': {}}",@712164ecd9334bd Cuando tienen pasta se les olvida que hay gente pobre que no tiene para pagarse un m√©dico o un cole privado.,Frankudt,Espa√±a,Caudete,"(-1.120854, 38.65492)",Castilla la Mancha,yes,['pasta'],252.0,47.44,2.26,9.35,30.0,4.58,['Cereales y derivados'],
98,98,98,166,203,2019-04-07 09:24:46.000,1.1148213065354076e+18,1.1148213065354076e+18,es,"{'id': '8c86b8b4cb716103', 'url': 'https://api.twitter.com/1.1/geo/id/8c86b8b4cb716103.json', 'place_type': 'city', 'name': 'Sevilla', 'full_name': 'Sevilla, Espa√±a', 'country_code': 'ES', 'country': 'Espa√±a', 'bounding_box': {'type': 'Polygon', 'coordinates': [[[-6.02843, 37.313613], [-6.02843, 37.452783], [-5.8186599999999995, 37.452783], [-5.8186599999999995, 37.313613]]]}, 'attributes': {}}","Coge algo de ropa, mucha fuerza y un vino. 
.
.
.
#monochromatic #photography en Seville, Spain https://t.co/ODZNEmqMmh",Princesa,Espa√±a,Sevilla,"(-6.02843, 37.313613)",Andaluc√≠a,yes,['vino'],71.0,0.3,0.0,0.23,0.0,0.0,['Bebidas Alcoholicas'],female
99,99,99,167,204,2019-04-07 09:24:55.000,1.1148213450770228e+18,1.1148213450770228e+18,es,"{'id': '0d108e89013f0cd9', 'url': 'https://api.twitter.com/1.1/geo/id/0d108e89013f0cd9.json', 'place_type': 'city', 'name': 'Fuengirola', 'full_name': 'Fuengirola, Espa√±a', 'country_code': 'ES', 'country': 'Espa√±a', 'bounding_box': {'type': 'Polygon', 'coordinates': [[[-4.636376, 36.519213], [-4.636376, 36.589582], [-4.589864, 36.589582], [-4.589864, 36.519213]]]}, 'attributes': {}}","Amantes de los cereales, NO EMIGREN A ESPA√ëA. Todos son horribles üò≠",Gaby,Espa√±a,Fuengirola,"(-4.636376, 36.519213)",Andaluc√≠a,yes,['cereales'],188.08,78.125,2.85,7.81,0.0,4.88,['Cereales y derivados'],female
100,100,100,168,206,2019-04-07 09:25:04.000,1.1148213806531788e+18,1.1148213806531788e+18,es,"{'id': '206c436ce43a43a3', 'url': 'https://api.twitter.com/1.1/geo/id/206c436ce43a43a3.json', 'place_type': 'city', 'name': 'Madrid', 'full_name': 'Madrid, Espa√±a', 'country_code': 'ES', 'country': 'Espa√±a', 'bounding_box': {'type': 'Polygon', 'coordinates': [[[-3.889005, 40.312071], [-3.889005, 40.643518], [-3.51801, 40.643518], [-3.51801, 40.312071]]]}, 'attributes': {}}",Pues he desayunado leche y un pesti√±o. Echaba de menos los pesti√±os.,Lady,Espa√±a,Madrid,"(-3.889005, 40.312071)",Madrid,yes,['leche'],65.0,4.7,3.8,3.06,14.0,0.0,['Productos lacteos'],female
101,101,101,170,208,2019-04-07 09:27:07.000,1.114821899597566e+18,1.114821899597566e+18,es,"{'id': '071a52d3a927a1b8', 'url': 'https://api.twitter.com/1.1/geo/id/071a52d3a927a1b8.json', 'place_type': 'city', 'name': 'Valencia', 'full_name': 'Valencia, Espa√±a', 'country_code': 'ES', 'country': 'Espa√±a', 'bounding_box': {'type': 'Polygon', 'coordinates': [[[-0.43254499999999996, 39.278381], [-0.43254499999999996, 39.566588], [-0.272513, 39.566588], [-0.272513, 39.278381]]]}, 'attributes': {}}","Aceites esenciales de naranja, lim√≥n y mandarina. https://t.co/tcR31uIPso",Manuel,Espa√±a,Valencia,"(-0.43254499999999996, 39.278381)",Comunidad Valenciana,yes,"['naranja', 'Aceite']",518.0,17.2,100.0,1.6,0.0,4.0,"['Frutas', 'Grasas y aceites']",male
102,102,102,173,212,2019-04-07 09:29:49.000,1.114822576956674e+18,1.114822576956674e+18,es,"{'id': '3afc29d1fe76301f', 'url': 'https://api.twitter.com/1.1/geo/id/3afc29d1fe76301f.json', 'place_type': 'city', 'name': 'Zaragoza', 'full_name': 'Zaragoza, Espa√±a', 'country_code': 'ES', 'country': 'Espa√±a', 'bounding_box': {'type': 'Polygon', 'coordinates': [[[-1.174093, 41.451835], [-1.174093, 41.931438], [-0.680572, 41.931438], [-0.680572, 41.451835]]]}, 'attributes': {}}","@Chocu_ Pero usa los posavasos para el bol de los cereales, que si no vas a estropear la mesa.",Nacho,Espa√±a,Zaragoza,"(-1.174093, 41.451835)",Arag√≥n,yes,['cereales'],188.08,78.125,2.85,7.81,0.0,4.88,['Cereales y derivados'],male
103,103,103,174,213,2019-04-07 09:31:01.000,1.1148228797644676e+18,1.1148228797644676e+18,es,"{'id': '5271c69733a1844d', 'url': 'https://api.twitter.com/1.1/geo/id/5271c69733a1844d.json', 'place_type': 'city', 'name': 'San Roque', 'full_name': 'San Roque, Espa√±a', 'country_code': 'ES', 'country': 'Espa√±a', 'bounding_box': {'type': 'Polygon', 'coordinates': [[[-5.439296, 36.16818], [-5.439296, 36.337794], [-5.252798, 36.337794], [-5.252798, 36.16818]]]}, 'attributes': {}}",@populares @pablocasado_ Y con Maduro y con el aceite de palma.,Lucio,Espa√±a,San Roque,"(-5.439296, 36.16818)",Andaluc√≠a,yes,['aceite'],442.0,0.0,100.0,0.0,0.0,0.0,['Grasas y aceites'],male
104,104,104,178,217,2019-04-07 09:32:41.000,1.1148233007384412e+18,1.1148233007384412e+18,es,"{'id': 'dd58263a65887f45', 'url': 'https://api.twitter.com/1.1/geo/id/dd58263a65887f45.json', 'place_type': 'city', 'name': 'Llanes', 'full_name': 'Llanes, Espa√±a', 'country_code': 'ES', 'country': 'Espa√±a', 'bounding_box': {'type': 'Polygon', 'coordinates': [[[-5.03068, 43.349126], [-5.03068, 43.462509], [-4.575269, 43.462509], [-4.575269, 43.349126]]]}, 'attributes': {}}","Torta de queso con ar√°ndanos
.
.
.
#llanes #dulces #torta #arandanos #gastronomia #asturias #fotografia
.
.
Pastel‚Ä¶ https://t.co/EzPwf1RNMw",JAVCA,Espa√±a,Llanes,"(-5.03068, 43.349126)",Asturias,yes,"['queso', 'ar√°ndanos']",483.0,6.56,34.6,36.39,74.4,4.9,"['Productos lacteos', 'Frutas']",
105,105,105,181,220,2019-04-07 09:36:17.000,1.1148242046358732e+18,1.1148242046358732e+18,es,"{'id': '8c86b8b4cb716103', 'url': 'https://api.twitter.com/1.1/geo/id/8c86b8b4cb716103.json', 'place_type': 'city', 'name': 'Sevilla', 'full_name': 'Sevilla, Espa√±a', 'country_code': 'ES', 'country': 'Espa√±a', 'bounding_box': {'type': 'Polygon', 'coordinates': [[[-6.02843, 37.313613], [-6.02843, 37.452783], [-5.8186599999999995, 37.452783], [-5.8186599999999995, 37.313613]]]}, 'attributes': {}}",Preparando la sangr√≠a üçπüòÅ Taller de cocina paella + sangr√≠a #cookingclassessevilla #talleresdecocinasevilla‚Ä¶ https://t.co/9bpgbsPeGR,Spanish,Espa√±a,Sevilla,"(-6.02843, 37.313613)",Andaluc√≠a,yes,['paella'],173.0,17.44,5.74,12.37,44.81,0.5,['Cereales y derivados'],female
106,106,106,183,223,2019-04-07 09:37:30.000,1.1148245125524276e+18,1.1148245125524276e+18,es,"{'id': '947c681242259582', 'url': 'https://api.twitter.com/1.1/geo/id/947c681242259582.json', 'place_type': 'city', 'name': 'Ruente', 'full_name': 'Ruente, Espa√±a', 'country_code': 'ES', 'country': 'Espa√±a', 'bounding_box': {'type': 'Polygon', 'coordinates': [[[-4.316974, 43.188256], [-4.316974, 43.276704], [-4.174877, 43.276704], [-4.174877, 43.188256]]]}, 'attributes': {}}","Maravilloso cocido monta√±√©s en Restaurante Enrique en #ucieda 
para repetir y repetir üòÄ

#food #foodporn #yum‚Ä¶ https://t.co/x7ZC2nQ7Zd",Laservilleta,Espa√±a,Ruente,"(-4.316974, 43.188256)",Cantabria,yes,['cocido'],202.0,7.69,12.07,15.16,47.0,1.6,['Carnes'],
107,107,107,185,226,2019-04-07 09:39:34.000,1.114825029408129e+18,1.114825029408129e+18,es,"{'id': '97569bae537efdb3', 'url': 'https://api.twitter.com/1.1/geo/id/97569bae537efdb3.json', 'place_type': 'city', 'name': 'Ponferrada', 'full_name': 'Ponferrada, Espa√±a', 'country_code': 'ES', 'country': 'Espa√±a', 'bounding_box': {'type': 'Polygon', 'coordinates': [[[-6.7129639999999995, 42.385192], [-6.7129639999999995, 42.613003], [-6.407664, 42.613003], [-6.407664, 42.385192]]]}, 'attributes': {}}",@AntoniFersorano @jmira Q noooo...q acabo de llegar a Ponferrada. Aqui carne...,Alejandro,Espa√±a,Ponferrada,"(-6.7129639999999995, 42.385192)",Castilla y Le√≥n,yes,['carne'],80.75,0.0,8.0,22.1,66.7,0.0,['Carnes'],male
108,108,108,189,232,2019-04-07 09:45:54.000,1.1148266228243252e+18,1.1148266228243252e+18,es,"{'id': 'e21ff0667944bebc', 'url': 'https://api.twitter.com/1.1/geo/id/e21ff0667944bebc.json', 'place_type': 'city', 'name': 'La Algaba', 'full_name': 'La Algaba, Espa√±a', 'country_code': 'ES', 'country': 'Espa√±a', 'bounding_box': {'type': 'Polygon', 'coordinates': [[[-6.040593, 37.4407], [-6.040593, 37.516932], [-5.9839, 37.516932], [-5.9839, 37.4407]]]}, 'attributes': {}}","Yo con los garbanzos con bacalao y el 
arroz con leche de mi vieja",Lolo,Espa√±a,La Algaba,"(-6.040593, 37.4407)",Andaluc√≠a,yes,"['arroz', 'leche']",452.0,176.7,4.7,10.06,14.0,0.2,"['Cereales y derivados', 'Productos lacteos']",female
109,109,109,190,233,2019-04-07 09:47:03.000,1.1148269138796134e+18,1.1148269138796134e+18,es,"{'id': '1a27537478dd8e38', 'url': 'https://api.twitter.com/1.1/geo/id/1a27537478dd8e38.json', 'place_type': 'city', 'name': 'Barcelona', 'full_name': 'Barcelona, Espa√±a', 'country_code': 'ES', 'country': 'Espa√±a', 'bounding_box': {'type': 'Polygon', 'coordinates': [[[2.052477, 41.317048], [2.052477, 41.468266], [2.229978, 41.468266], [2.229978, 41.317048]]]}, 'attributes': {}}","#t√© #oolong gran aliado de la digesti√≥n, mejora la funci√≥n respiratoria, regula el colesterol y reduce la presi√≥n a‚Ä¶ https://t.co/hB2iM6p2qZ",Megustaelt√©,Espa√±a,Barcelona,"(2.052477, 41.317048)",Catalu√±a,yes,"['t√©', 'coles']",72.0,4.99,3.2654,6.0,7.0,4.2,"['Bebidas', 'Vegetales']",
110,110,110,192,235,2019-04-07 09:48:15.000,1.1148272167502848e+18,1.1148272167502848e+18,es,"{'id': '2afe3164f39d1b83', 'url': 'https://api.twitter.com/1.1/geo/id/2afe3164f39d1b83.json', 'place_type': 'city', 'name': 'Valladolid', 'full_name': 'Valladolid, Espa√±a', 'country_code': 'ES', 'country': 'Espa√±a', 'bounding_box': {'type': 'Polygon', 'coordinates': [[[-4.928146, 41.523108], [-4.928146, 41.815553], [-4.630882, 41.815553], [-4.630882, 41.523108]]]}, 'attributes': {}}","El pr√≥ximo s√°bado d√≠a 13, el restaurante #CasaRuraMes√≥nMaryobeli  va a preparar un cocido solidario a beneficio del‚Ä¶ https://t.co/TLZ47dNnLQ",Mar√≠a,Espa√±a,Valladolid,"(-4.928146, 41.523108)",Castilla y Le√≥n,yes,['cocido'],202.0,7.69,12.07,15.16,47.0,1.6,['Carnes'],female
111,111,111,195,239,2019-04-07 09:51:56.000,1.1148281412126556e+18,1.1148281412126556e+18,es,"{'id': '49d79ae05e6a31cc', 'url': 'https://api.twitter.com/1.1/geo/id/49d79ae05e6a31cc.json', 'place_type': 'city', 'name': 'Azpeitia', 'full_name': 'Azpeitia, Espa√±a', 'country_code': 'ES', 'country': 'Espa√±a', 'bounding_box': {'type': 'Polygon', 'coordinates': [[[-2.306026, 43.105853], [-2.306026, 43.224936], [-2.204466, 43.224936], [-2.204466, 43.105853]]]}, 'attributes': {}}","@aliment_ARTE Pues a mi me parece bien.
Porque, ¬øacaso etiquetan como ""carne"" las chuches con forma de hamburguesa?",I√±aki,Espa√±a,Azpeitia,"(-2.306026, 43.105853)",Pais Vasco,yes,"['chuches', 'carne', 'hamburguesa']",979.75,237.5,33.2,45.26000000000001,125.7,4.1,"['Dulces', 'Carnes', 'Comida rapida']",male
112,112,112,196,241,2019-04-07 09:54:14.000,1.1148287235876168e+18,1.1148287235876168e+18,es,"{'id': '1a27537478dd8e38', 'url': 'https://api.twitter.com/1.1/geo/id/1a27537478dd8e38.json', 'place_type': 'city', 'name': 'Barcelona', 'full_name': 'Barcelona, Espa√±a', 'country_code': 'ES', 'country': 'Espa√±a', 'bounding_box': {'type': 'Polygon', 'coordinates': [[[2.052477, 41.317048], [2.052477, 41.468266], [2.229978, 41.468266], [2.229978, 41.317048]]]}, 'attributes': {}}","Probando el #t√© #kombucha recomendaci√≥n de @sante.teagranel (en instagram), ¬°pues est√° muy bueno! Si adem√°s, como m‚Ä¶ https://t.co/ZMI8iNoVLz",Megustaelt√©,Espa√±a,Barcelona,"(2.052477, 41.317048)",Catalu√±a,yes,['t√©'],36.0,2.45,2.3654,1.7,7.0,0.0,['Bebidas'],
113,113,113,198,244,2019-04-07 09:56:40.000,1.1148293337539953e+18,1.1148293337539953e+18,es,"{'id': 'cbdb0e7018443220', 'url': 'https://api.twitter.com/1.1/geo/id/cbdb0e7018443220.json', 'place_type': 'city', 'name': 'Murcia', 'full_name': 'Murcia, Espa√±a', 'country_code': 'ES', 'country': 'Espa√±a', 'bounding_box': {'type': 'Polygon', 'coordinates': [[[-1.385233, 37.715968], [-1.385233, 38.117714], [-0.850358, 38.117714], [-0.850358, 37.715968]]]}, 'attributes': {}}","@raimisace @LoboWinchester Una ensalada con lechuga, aceite, sal y salsa C√©sar entraba ahora mismo",Kam,Espa√±a,Murcia,"(-1.385233, 37.715968)",Murcia,yes,"['salsa', 'lechuga', 'aceite']",557.455,10.92,116.64,5.050000000000002,18.06,2.64,"['Sopas', 'Vegetales', 'Grasas y aceites']",female
114,114,114,200,247,2019-04-07 09:57:54.000,1.1148296455879188e+18,1.1148296455879188e+18,es,"{'id': '30fa593df7272ac5', 'url': 'https://api.twitter.com/1.1/geo/id/30fa593df7272ac5.json', 'place_type': 'city', 'name': 'Goz√≥n', 'full_name': 'Goz√≥n, Espa√±a', 'country_code': 'ES', 'country': 'Espa√±a', 'bounding_box': {'type': 'Polygon', 'coordinates': [[[-5.948078, 43.553966], [-5.948078, 43.659232], [-5.76759, 43.659232], [-5.76759, 43.553966]]]}, 'attributes': {}}",@puchovic Pues yo imaginaba que ser√≠a una carne muy dura pq los caballos son muy fibrosos! Tienen m√∫sculo üí™üèªüòÖ Hay q‚Ä¶ https://t.co/wALwCy7Zlw,Paula,Espa√±a,Goz√≥n,"(-5.948078, 43.553966)",Asturias,yes,['carne'],80.75,0.0,8.0,22.1,66.7,0.0,['Carnes'],female
115,115,115,201,248,2019-04-07 09:58:24.000,1.114829768493609e+18,1.114829768493609e+18,es,"{'id': 'cb8a127ab435e522', 'url': 'https://api.twitter.com/1.1/geo/id/cb8a127ab435e522.json', 'place_type': 'city', 'name': 'Illescas', 'full_name': 'Illescas, Espa√±a', 'country_code': 'ES', 'country': 'Espa√±a', 'bounding_box': {'type': 'Polygon', 'coordinates': [[[-3.913754, 40.08937], [-3.913754, 40.177295], [-3.771153, 40.177295], [-3.771153, 40.08937]]]}, 'attributes': {}}",Desde hoy Domingo y hasta el pr√≥ximo Jueves puedes saciar tus ganas de #pizza con esta pedazo de #oferta que tenemo‚Ä¶ https://t.co/BgLkLGeuUy,name,Espa√±a,Illescas,"(-3.913754, 40.08937)",Castilla la Mancha,yes,['pizza'],477.0,22.2,9.8,8.2,16.0,1.7,['Comida rapida'],
