,Unnamed: 0,Unnamed: 0.1,Unnamed: 0.1.1,created_at,id,id_str,lang,place,text,user,Country,City,Coordinates,ComunidadAutonoma,IsFood,Foods,Calorias,Hidratos de Carbono,Grasas,Proteinas,Colesterol,Fibra,Categor√≠as
0,0,4,6,2019-04-12 08:49:37.000,1.1166243988808868e+18,1.1166243988808868e+18,es,"{'id': '387b00909c2e7031', 'url': 'https://api.twitter.com/1.1/geo/id/387b00909c2e7031.json', 'place_type': 'city', 'name': 'Granada', 'full_name': 'Granada, Espa√±a', 'country_code': 'ES', 'country': 'Espa√±a', 'bounding_box': {'type': 'Polygon', 'coordinates': [[[-3.699796, 37.135903], [-3.699796, 37.224915], [-3.496139, 37.224915], [-3.496139, 37.135903]]]}, 'attributes': {}}",@CarlosJoelAP P√≠deme un zumo de naranja üçä,Peter,Espa√±a,Granada,"(-3.699796, 37.135903)",Andaluc√≠a,yes,"['zumo', 'zumo de naranja', 'naranja']",160.0,45.0,0.2,2.3,0.0,4.1,"['Bebidas', 'Bebidas', 'Frutas']"
1,1,6,10,2019-04-12 08:50:51.000,1.116624711981527e+18,1.116624711981527e+18,es,"{'id': '3afc29d1fe76301f', 'url': 'https://api.twitter.com/1.1/geo/id/3afc29d1fe76301f.json', 'place_type': 'city', 'name': 'Zaragoza', 'full_name': 'Zaragoza, Espa√±a', 'country_code': 'ES', 'country': 'Espa√±a', 'bounding_box': {'type': 'Polygon', 'coordinates': [[[-1.174093, 41.451835], [-1.174093, 41.931438], [-0.680572, 41.931438], [-0.680572, 41.451835]]]}, 'attributes': {}}",@COPE @policia Les he dicho que en gym me robaron hasta la crema del cuerpo?. Se divert√≠an mucho a mi costa. Se les‚Ä¶ https://t.co/3cG8vD8L9l,RosaMar√≠a,Espa√±a,Zaragoza,"(-1.174093, 41.451835)",Arag√≥n,yes,['crema'],159.0,22.3,5.36,4.9,120.0,0.3,['Productos lacteos']
2,2,7,14,2019-04-12 08:53:05.000,1.1166252705537638e+18,1.1166252705537638e+18,es,"{'id': '1a27537478dd8e38', 'url': 'https://api.twitter.com/1.1/geo/id/1a27537478dd8e38.json', 'place_type': 'city', 'name': 'Barcelona', 'full_name': 'Barcelona, Espa√±a', 'country_code': 'ES', 'country': 'Espa√±a', 'bounding_box': {'type': 'Polygon', 'coordinates': [[[2.052477, 41.317048], [2.052477, 41.468266], [2.229978, 41.468266], [2.229978, 41.317048]]]}, 'attributes': {}}",@Alvaro845 un litro de aceite y a rezar,Guti,Espa√±a,Barcelona,"(2.052477, 41.317048)",Catalu√±a,yes,['aceite'],442.0,0.0,100.0,0.0,0.0,0.0,['Grasas y aceites']
3,3,8,15,2019-04-12 08:53:43.000,1.116625432743334e+18,1.116625432743334e+18,es,"{'id': '528fc168bb2d0595', 'url': 'https://api.twitter.com/1.1/geo/id/528fc168bb2d0595.json', 'place_type': 'city', 'name': 'Ribadesella', 'full_name': 'Ribadesella, Espa√±a', 'country_code': 'ES', 'country': 'Espa√±a', 'bounding_box': {'type': 'Polygon', 'coordinates': [[[-5.193245, 43.406412], [-5.193245, 43.485074], [-4.981378, 43.485074], [-4.981378, 43.406412]]]}, 'attributes': {}}","#fridaysforfuture #compromisoyaccion ¬øAcabaremos comiendo gazpacho en Enero en vez de un buen pote, caldo gallego,‚Ä¶ https://t.co/X2kEdyq2rq",Pedro,Espa√±a,Ribadesella,"(-5.193245, 43.406412)",Asturias,yes,['gazpacho'],34.0,1.6,2.8,0.6,0.0,0.2,['Sopas']
4,4,9,18,2019-04-12 08:55:10.000,1.1166257971067168e+18,1.1166257971067168e+18,es,"{'id': '2e858e47881ddc48', 'url': 'https://api.twitter.com/1.1/geo/id/2e858e47881ddc48.json', 'place_type': 'city', 'name': 'Alicante', 'full_name': 'Alicante, Espa√±a', 'country_code': 'ES', 'country': 'Espa√±a', 'bounding_box': {'type': 'Polygon', 'coordinates': [[[-0.6564329999999999, 38.160348], [-0.6564329999999999, 38.537463], [-0.37460899999999997, 38.537463], [-0.37460899999999997, 38.160348]]]}, 'attributes': {}}","Si no teneis ni idea de hacer eso, pobre pi√±a socio",MIRIAM,Espa√±a,Alicante,"(-0.6564329999999999, 38.160348)",Comunidad Valenciana,yes,['pi√±a'],49.0,11.5,0.0,0.5,0.0,1.2,['Frutas']
5,5,11,20,2019-04-12 08:55:48.000,1.1166259575303904e+18,1.1166259575303904e+18,es,"{'id': '1d625ac4df32dd0e', 'url': 'https://api.twitter.com/1.1/geo/id/1d625ac4df32dd0e.json', 'place_type': 'city', 'name': 'Aracena', 'full_name': 'Aracena, Espa√±a', 'country_code': 'ES', 'country': 'Espa√±a', 'bounding_box': {'type': 'Polygon', 'coordinates': [[[-6.675274, 37.750636], [-6.675274, 37.98747], [-6.448526, 37.98747], [-6.448526, 37.750636]]]}, 'attributes': {}}","Me choca la gente que dice ""quiero jam√≥n serrano"" refiriendose al jam√≥n de bellota y que luego, cuando ven que su t‚Ä¶ https://t.co/ereQBflQKa",name,Espa√±a,Aracena,"(-6.675274, 37.750636)",Andaluc√≠a,yes,"['jam√≥n', 'jam√≥n serrano']",351.0,6.9,23.040000000000006,30.54,84.0,3.7,"['Carnes', 'Vegetales']"
6,6,12,21,2019-04-12 08:56:25.000,1.116626111318782e+18,1.116626111318782e+18,es,"{'id': '0488e361d89b4397', 'url': 'https://api.twitter.com/1.1/geo/id/0488e361d89b4397.json', 'place_type': 'city', 'name': 'Ferrol', 'full_name': 'Ferrol, Espa√±a', 'country_code': 'ES', 'country': 'Espa√±a', 'bounding_box': {'type': 'Polygon', 'coordinates': [[[-8.347343, 43.453301], [-8.347343, 43.569119], [-8.191328, 43.569119], [-8.191328, 43.453301]]]}, 'attributes': {}}",#TiosGuarros y sucios que te esp√≠an mientras trabajas y emiten ruidos de cerdo asquerosoüôâü§Æ pero no saben que hereda‚Ä¶ https://t.co/cQMXnV2gaK,Kelita,Espa√±a,Ferrol,"(-8.347343, 43.453301)",Galicia,yes,['cerdo'],271.0,0.0,17.04,27.34,90.0,0.0,['Carnes']
7,7,13,22,2019-04-12 08:58:09.000,1.1166265472034324e+18,1.1166265472034324e+18,es,"{'id': '206c436ce43a43a3', 'url': 'https://api.twitter.com/1.1/geo/id/206c436ce43a43a3.json', 'place_type': 'city', 'name': 'Madrid', 'full_name': 'Madrid, Espa√±a', 'country_code': 'ES', 'country': 'Espa√±a', 'bounding_box': {'type': 'Polygon', 'coordinates': [[[-3.889005, 40.312071], [-3.889005, 40.643518], [-3.51801, 40.643518], [-3.51801, 40.312071]]]}, 'attributes': {}}",@_kumaaa cambi√≥ pepas caseras por un pincho de tortilla. Exijo que le saquen la nacionalidad argentina a la brevedad,Chicha,Espa√±a,Madrid,"(-3.889005, 40.312071)",Madrid,yes,['tortilla'],170.0,0.4,12.28,14.6,350.0,0.0,['Productos av√≠colas']
8,8,15,25,2019-04-12 09:01:02.000,1.1166272718826865e+18,1.1166272718826865e+18,es,"{'id': 'ec2ead284df00347', 'url': 'https://api.twitter.com/1.1/geo/id/ec2ead284df00347.json', 'place_type': 'city', 'name': 'Alcal√° de Henares', 'full_name': 'Alcal√° de Henares, Espa√±a', 'country_code': 'ES', 'country': 'Espa√±a', 'bounding_box': {'type': 'Polygon', 'coordinates': [[[-3.44735, 40.446007], [-3.44735, 40.546039], [-3.283896, 40.546039], [-3.283896, 40.446007]]]}, 'attributes': {}}","¬øQuiere el @eajpnv volver a recoger las nueces que ETA derriba del √°rbol de Espa√±a?
No lo vamos a consentir.  Tambi‚Ä¶ https://t.co/YFKZl9PXdz",L,Espa√±a,Alcal√° de Henares,"(-3.44735, 40.446007)",Madrid,yes,['nueces'],595.0,3.3,63.28,14.0,0.0,5.2,['Frutos secos']
9,9,16,26,2019-04-12 09:02:41.000,1.116627688012206e+18,1.116627688012206e+18,es,"{'id': 'cbdb0e7018443220', 'url': 'https://api.twitter.com/1.1/geo/id/cbdb0e7018443220.json', 'place_type': 'city', 'name': 'Murcia', 'full_name': 'Murcia, Espa√±a', 'country_code': 'ES', 'country': 'Espa√±a', 'bounding_box': {'type': 'Polygon', 'coordinates': [[[-1.385233, 37.715968], [-1.385233, 38.117714], [-0.850358, 38.117714], [-0.850358, 37.715968]]]}, 'attributes': {}}","""Cuando el p√°jaro la pica , es cuando la fruta est√° rica"" puedes ver algunas de mis braguitas bordadas a mano en la‚Ä¶ https://t.co/gL9Zpg0jIV",Lady,Espa√±a,Murcia,"(-1.385233, 37.715968)",Murcia,yes,['fruta'],107.0,50.0,0.1,0.9,0.0,1.1,['Frutas']
10,10,18,30,2019-04-12 09:05:07.000,1.1166282993151796e+18,1.1166282993151796e+18,es,"{'id': '071a52d3a927a1b8', 'url': 'https://api.twitter.com/1.1/geo/id/071a52d3a927a1b8.json', 'place_type': 'city', 'name': 'Valencia', 'full_name': 'Valencia, Espa√±a', 'country_code': 'ES', 'country': 'Espa√±a', 'bounding_box': {'type': 'Polygon', 'coordinates': [[[-0.43254499999999996, 39.278381], [-0.43254499999999996, 39.566588], [-0.272513, 39.566588], [-0.272513, 39.278381]]]}, 'attributes': {}}",üéºEstas soooon las ma√±anitas en Do√±a Petrona con Erika a los caf√©s y los pinchos de tortilla. Ven que te vas a senti‚Ä¶ https://t.co/8HCwvpRybS,Do√±a,Espa√±a,Valencia,"(-0.43254499999999996, 39.278381)",Comunidad Valenciana,yes,['tortilla'],170.0,0.4,12.28,14.6,350.0,0.0,['Productos av√≠colas']
11,11,19,31,2019-04-12 09:05:54.000,1.1166284986201457e+18,1.1166284986201457e+18,es,"{'id': '206c436ce43a43a3', 'url': 'https://api.twitter.com/1.1/geo/id/206c436ce43a43a3.json', 'place_type': 'city', 'name': 'Madrid', 'full_name': 'Madrid, Espa√±a', 'country_code': 'ES', 'country': 'Espa√±a', 'bounding_box': {'type': 'Polygon', 'coordinates': [[[-3.889005, 40.312071], [-3.889005, 40.643518], [-3.51801, 40.643518], [-3.51801, 40.312071]]]}, 'attributes': {}}","Se me quem√≥ el arroz y el pescado, CDLM. Esto no suele pasarme.",Honiel,Espa√±a,Madrid,"(-3.889005, 40.312071)",Madrid,yes,"['arroz', 'pescado']",483.0,172.0,2.5,27.1,53.6,0.2,"['Cereales y derivados', 'Pescado, moluscos y marisco']"
12,12,21,34,2019-04-12 09:08:10.000,1.1166290671874088e+18,1.1166290671874088e+18,es,"{'id': 'f6da0d066234ed15', 'url': 'https://api.twitter.com/1.1/geo/id/f6da0d066234ed15.json', 'place_type': 'city', 'name': 'Pals', 'full_name': 'Pals, Espa√±a', 'country_code': 'ES', 'country': 'Espa√±a', 'bounding_box': {'type': 'Polygon', 'coordinates': [[[3.135795, 41.949187], [3.135795, 42.010058], [3.208208, 42.010058], [3.208208, 41.949187]]]}, 'attributes': {}}","Esta semana en el menu ensalada de recuit, tomate y el bacon mas crujiente, los esperamos en #Patapals #costabrava#‚Ä¶ https://t.co/kxH5pESmxr",PataPals,Espa√±a,Pals,"(3.135795, 41.949187)",Catalu√±a,yes,['bacon'],292.0,0.0,22.1,23.4,80.0,0.0,['Carnes']
13,13,23,36,2019-04-12 09:09:11.000,1.1166293256194048e+18,1.1166293256194048e+18,es,"{'id': 'c396c282250e2106', 'url': 'https://api.twitter.com/1.1/geo/id/c396c282250e2106.json', 'place_type': 'city', 'name': 'Manresa', 'full_name': 'Manresa, Espa√±a', 'country_code': 'ES', 'country': 'Espa√±a', 'bounding_box': {'type': 'Polygon', 'coordinates': [[[1.769524, 41.688129], [1.769524, 41.758331], [1.8750019999999998, 41.758331], [1.8750019999999998, 41.688129]]]}, 'attributes': {}}","Pablo Carbonell: ""Hay una mala leche en la atm√≥sfera que impide usar la libertad de expresi√≥n"" https://t.co/xWpE3pckXA v√≠a @eldiarioCultura",Ricard,Espa√±a,Manresa,"(1.769524, 41.688129)",Catalu√±a,yes,['leche'],65.0,4.7,3.8,3.06,14.0,0.0,['Productos lacteos']
14,14,24,37,2019-04-12 09:09:40.000,1.116629443835908e+18,1.116629443835908e+18,es,"{'id': '206c436ce43a43a3', 'url': 'https://api.twitter.com/1.1/geo/id/206c436ce43a43a3.json', 'place_type': 'city', 'name': 'Madrid', 'full_name': 'Madrid, Spain', 'country_code': 'ES', 'country': 'Spain', 'bounding_box': {'type': 'Polygon', 'coordinates': [[[-3.889005, 40.312071], [-3.889005, 40.643518], [-3.51801, 40.643518], [-3.51801, 40.312071]]]}, 'attributes': {}}","Sustituto saludable: crema de Cacao de @paleobull
No hay necesidad de tanto az√∫car, y os aseguro que yo era fan de‚Ä¶ https://t.co/mIulpNbvRy",Mar√≠a,Spain,Madrid,"(-3.889005, 40.312071)",Madrid,yes,['crema'],159.0,22.3,5.36,4.9,120.0,0.3,['Productos lacteos']
15,15,25,38,2019-04-12 09:10:38.000,1.1166296890516972e+18,1.1166296890516972e+18,es,"{'id': '90f0f1755d340c53', 'url': 'https://api.twitter.com/1.1/geo/id/90f0f1755d340c53.json', 'place_type': 'city', 'name': 'Zamora', 'full_name': 'Zamora, Espa√±a', 'country_code': 'ES', 'country': 'Espa√±a', 'bounding_box': {'type': 'Polygon', 'coordinates': [[[-5.977119, 41.458364], [-5.977119, 41.574064], [-5.635171, 41.574064], [-5.635171, 41.458364]]]}, 'attributes': {}}",Buenos d√≠as. Ya se van nuestros croissant vegetal de nuestro lado. Adi√≥sssssssss. #cuadrisserie #cuadrisserieteam‚Ä¶ https://t.co/IE4NvCjuLB,Cuadrisserie,Espa√±a,Zamora,"(-5.977119, 41.458364)",Castilla y Le√≥n,yes,['vegetal'],135.0,8.61,11.55,1.49,0.0,3.1,['Vegetales']
16,16,26,39,2019-04-12 09:10:55.000,1.11662976088755e+18,1.11662976088755e+18,es,"{'id': '206c436ce43a43a3', 'url': 'https://api.twitter.com/1.1/geo/id/206c436ce43a43a3.json', 'place_type': 'city', 'name': 'Madrid', 'full_name': 'Madrid, Espa√±a', 'country_code': 'ES', 'country': 'Espa√±a', 'bounding_box': {'type': 'Polygon', 'coordinates': [[[-3.889005, 40.312071], [-3.889005, 40.643518], [-3.51801, 40.643518], [-3.51801, 40.312071]]]}, 'attributes': {}}",Es f√°cil dar el primer paso. Un d√≠a se te puede olvidar la bolsa o un pa√±uelo para la fruta o el tupper. Cuando lle‚Ä¶ https://t.co/2Ss0aQSAus,Irene,Espa√±a,Madrid,"(-3.889005, 40.312071)",Madrid,yes,['fruta'],107.0,50.0,0.1,0.9,0.0,1.1,['Frutas']
17,17,27,40,2019-04-12 09:11:14.000,1.1166298395391016e+18,1.1166298395391016e+18,es,"{'id': '8c86b8b4cb716103', 'url': 'https://api.twitter.com/1.1/geo/id/8c86b8b4cb716103.json', 'place_type': 'city', 'name': 'Sevilla', 'full_name': 'Sevilla, Espa√±a', 'country_code': 'ES', 'country': 'Espa√±a', 'bounding_box': {'type': 'Polygon', 'coordinates': [[[-6.02843, 37.313613], [-6.02843, 37.452783], [-5.8186599999999995, 37.452783], [-5.8186599999999995, 37.313613]]]}, 'attributes': {}}","@parratata_frita @Corvus_corax81 Orco no, me dijo cerdo. https://t.co/ZkW656ZR1s",name,Espa√±a,Sevilla,"(-6.02843, 37.313613)",Andaluc√≠a,yes,['cerdo'],271.0,0.0,17.04,27.34,90.0,0.0,['Carnes']
18,18,32,46,2019-04-12 09:16:38.000,1.1166311975876526e+18,1.1166311975876526e+18,es,"{'id': '206c436ce43a43a3', 'url': 'https://api.twitter.com/1.1/geo/id/206c436ce43a43a3.json', 'place_type': 'city', 'name': 'Madrid', 'full_name': 'Madrid, Spain', 'country_code': 'ES', 'country': 'Spain', 'bounding_box': {'type': 'Polygon', 'coordinates': [[[-3.889005, 40.312071], [-3.889005, 40.643518], [-3.51801, 40.643518], [-3.51801, 40.312071]]]}, 'attributes': {}}","¬øConoce a alguien que le encante la #nutella, tanto como a nosotros? Etiqu√©tala üëáüèΩ
#crepe #labonata‚Ä¶ https://t.co/xZrIgvbTq4",labonata,Spain,Madrid,"(-3.889005, 40.312071)",Madrid,yes,"['nata', 'nutella']",748.0,61.0,51.58,8.51,70.0,3.4,"['Productos lacteos', 'Grasas y aceites']"
19,19,33,47,2019-04-12 09:17:22.000,1.1166313828710031e+18,1.1166313828710031e+18,es,"{'id': '088b2b6320f918a9', 'url': 'https://api.twitter.com/1.1/geo/id/088b2b6320f918a9.json', 'place_type': 'city', 'name': 'Collado Villalba', 'full_name': 'Collado Villalba, Espa√±a', 'country_code': 'ES', 'country': 'Espa√±a', 'bounding_box': {'type': 'Polygon', 'coordinates': [[[-4.030551, 40.616412], [-4.030551, 40.681259], [-3.947006, 40.681259], [-3.947006, 40.616412]]]}, 'attributes': {}}","Una por aqui, otra por alla y #torrijas para todos ya. Echas o #pan #Tradicional especial para hacerlas con + de 75‚Ä¶ https://t.co/KeMWYHEppN",Super,Espa√±a,Collado Villalba,"(-4.030551, 40.616412)",Madrid,yes,"['torrija', 'torrijas']",472.0,36.62,32.0,10.12,176.0,2.0,"['Cereales y derivados', 'Cereales y derivados']"
20,20,36,51,2019-04-12 09:19:09.000,1.1166318306758696e+18,1.1166318306758696e+18,es,"{'id': '206c436ce43a43a3', 'url': 'https://api.twitter.com/1.1/geo/id/206c436ce43a43a3.json', 'place_type': 'city', 'name': 'Madrid', 'full_name': 'Madrid, Espa√±a', 'country_code': 'ES', 'country': 'Espa√±a', 'bounding_box': {'type': 'Polygon', 'coordinates': [[[-3.889005, 40.312071], [-3.889005, 40.643518], [-3.51801, 40.643518], [-3.51801, 40.312071]]]}, 'attributes': {}}",@ElegidaDeDiosGH Que mala leche üòÑüòÑ,P,Espa√±a,Madrid,"(-3.889005, 40.312071)",Madrid,yes,['leche'],65.0,4.7,3.8,3.06,14.0,0.0,['Productos lacteos']
21,21,40,57,2019-04-12 09:29:11.000,1.1166343567668676e+18,1.1166343567668676e+18,es,"{'id': '590e9f3315ea23a7', 'url': 'https://api.twitter.com/1.1/geo/id/590e9f3315ea23a7.json', 'place_type': 'city', 'name': 'Santander', 'full_name': 'Santander, Espa√±a', 'country_code': 'ES', 'country': 'Espa√±a', 'bounding_box': {'type': 'Polygon', 'coordinates': [[[-3.889051, 43.434462], [-3.889051, 43.494818], [-3.763247, 43.494818], [-3.763247, 43.434462]]]}, 'attributes': {}}","@socialistes_cat Si sobre todo cuando os riega de pasta a los catalanes, y al resto de los espa√±oles nos lo quita,p‚Ä¶ https://t.co/IBeT1zYigb",Juan,Espa√±a,Santander,"(-3.889051, 43.434462)",Cantabria,yes,['pasta'],252.0,47.44,2.26,9.35,30.0,4.58,['Cereales y derivados']
22,22,42,59,2019-04-12 09:31:30.000,1.1166349421282304e+18,1.1166349421282304e+18,es,"{'id': '071a52d3a927a1b8', 'url': 'https://api.twitter.com/1.1/geo/id/071a52d3a927a1b8.json', 'place_type': 'city', 'name': 'Valencia', 'full_name': 'Valencia, Espa√±a', 'country_code': 'ES', 'country': 'Espa√±a', 'bounding_box': {'type': 'Polygon', 'coordinates': [[[-0.43254499999999996, 39.278381], [-0.43254499999999996, 39.566588], [-0.272513, 39.566588], [-0.272513, 39.278381]]]}, 'attributes': {}}","#MEN√ö mediod√≠a #VEGETARIANO #Restaurante La lluna
- Ensalada Hind√∫.
- Arroz con setas y algas.
- Puerro gratinado.‚Ä¶ https://t.co/L2cizR5sqw",Restaurantelalluna,Espa√±a,Valencia,"(-0.43254499999999996, 39.278381)",Comunidad Valenciana,yes,"['Arroz', 'algas', 'setas']",451.0,188.43,1.4600000000000002,11.18,0.0,1.0,"['Cereales y derivados', 'Vegetales', 'Vegetales']"
23,23,43,60,2019-04-12 09:35:43.000,1.1166360012318844e+18,1.1166360012318844e+18,es,"{'id': 'aab98cb60835e83e', 'url': 'https://api.twitter.com/1.1/geo/id/aab98cb60835e83e.json', 'place_type': 'city', 'name': 'Burgos', 'full_name': 'Burgos, Espa√±a', 'country_code': 'ES', 'country': 'Espa√±a', 'bounding_box': {'type': 'Polygon', 'coordinates': [[[-3.794911, 42.284782], [-3.794911, 42.404004], [-3.583968, 42.404004], [-3.583968, 42.284782]]]}, 'attributes': {}}",#Castuera celebrar√° el s√°bado 13 de abril la segunda edici√≥n del ‚ÄòD√≠a del #queso ‚Äô. #ovinotg https://t.co/kr1drEdKEG https://t.co/aO2PVkWWFb,Ovino,Espa√±a,Burgos,"(-3.794911, 42.284782)",Castilla y Le√≥n,yes,"['queso', 'vino']",521.0,0.81,34.0,36.0,74.4,0.0,"['Productos lacteos', 'Bebidas Alcoholicas']"
24,24,44,61,2019-04-12 09:37:08.000,1.1166363594170614e+18,1.1166363594170614e+18,es,"{'id': 'fa31d97cdd79c625', 'url': 'https://api.twitter.com/1.1/geo/id/fa31d97cdd79c625.json', 'place_type': 'city', 'name': 'Arrigorriaga', 'full_name': 'Arrigorriaga, Espa√±a', 'country_code': 'ES', 'country': 'Spain', 'bounding_box': {'type': 'Polygon', 'coordinates': [[[-2.956773, 43.182891], [-2.956773, 43.245799], [-2.8781499999999998, 43.245799], [-2.8781499999999998, 43.182891]]]}, 'attributes': {}}","@Srta_bonita73 Y ya si eso llenas de esp√°rragos y alcachofas , lo m√°s",Sabin,Spain,Arrigorriaga,"(-2.956773, 43.182891)",Pais Vasco,yes,"['esp√°rragos', 'alcachofas']",42.0,4.6,0.46,4.8,0.0,10.4,"['Vegetales', 'Vegetales']"
25,25,45,62,2019-04-12 09:39:50.000,1.1166370356269916e+18,1.1166370356269916e+18,es,"{'id': '4ecb58704564d392', 'url': 'https://api.twitter.com/1.1/geo/id/4ecb58704564d392.json', 'place_type': 'city', 'name': 'C√≥rdoba', 'full_name': 'C√≥rdoba, Espa√±a', 'country_code': 'ES', 'country': 'Espa√±a', 'bounding_box': {'type': 'Polygon', 'coordinates': [[[-4.9970099999999995, 37.664255], [-4.9970099999999995, 38.030946], [-4.351492, 38.030946], [-4.351492, 37.664255]]]}, 'attributes': {}}","#BuscandoDetallesüßê
Unas alas de teselas de pasta v√≠trea inconfundibles de una de nuestras piezas expuestas. https://t.co/TV13DWajeL",Museo,Espa√±a,C√≥rdoba,"(-4.9970099999999995, 37.664255)",Andaluc√≠a,yes,['pasta'],252.0,47.44,2.26,9.35,30.0,4.58,['Cereales y derivados']
26,26,47,64,2019-04-12 09:42:52.000,1.1166378012467528e+18,1.1166378012467528e+18,es,"{'id': '0488e361d89b4397', 'url': 'https://api.twitter.com/1.1/geo/id/0488e361d89b4397.json', 'place_type': 'city', 'name': 'Ferrol', 'full_name': 'Ferrol, Espa√±a', 'country_code': 'ES', 'country': 'Espa√±a', 'bounding_box': {'type': 'Polygon', 'coordinates': [[[-8.347343, 43.453301], [-8.347343, 43.569119], [-8.191328, 43.569119], [-8.191328, 43.453301]]]}, 'attributes': {}}","@Dianavarelagar8 Se fue, menos mal... , es que me ponen del h√≠gado esas cosas ü§ß se ha perdido la caballerosidad de‚Ä¶ https://t.co/cP1rauFEJU",Kelita,Espa√±a,Ferrol,"(-8.347343, 43.453301)",Galicia,yes,['h√≠gado'],137.0,1.2,4.7,22.12,492.0,0.0,['Carnes']
27,27,48,65,2019-04-12 09:43:13.000,1.1166378908035686e+18,1.1166378908035686e+18,es,"{'id': 'cbdb0e7018443220', 'url': 'https://api.twitter.com/1.1/geo/id/cbdb0e7018443220.json', 'place_type': 'city', 'name': 'Murcia', 'full_name': 'Murcia, Espa√±a', 'country_code': 'ES', 'country': 'Espa√±a', 'bounding_box': {'type': 'Polygon', 'coordinates': [[[-1.385233, 37.715968], [-1.385233, 38.117714], [-0.850358, 38.117714], [-0.850358, 37.715968]]]}, 'attributes': {}}","Qui√©n quiere bu√±uelos con chocolate??
#Fisioterapia #Fisiomurcia #murciaquehermosaeres #tradicion‚Ä¶ https://t.co/3N72xZbiNR",Fisiomurcia,Espa√±a,Murcia,"(-1.385233, 37.715968)",Murcia,yes,['chocolate'],271.33,59.23,30.53,7.29,20.0,0.53,['Dulces']
28,28,49,66,2019-04-12 09:43:30.000,1.1166379594265928e+18,1.1166379594265928e+18,es,"{'id': '8c86b8b4cb716103', 'url': 'https://api.twitter.com/1.1/geo/id/8c86b8b4cb716103.json', 'place_type': 'city', 'name': 'Sevilla', 'full_name': 'Sevilla, Espa√±a', 'country_code': 'ES', 'country': 'Espa√±a', 'bounding_box': {'type': 'Polygon', 'coordinates': [[[-6.02843, 37.313613], [-6.02843, 37.452783], [-5.8186599999999995, 37.452783], [-5.8186599999999995, 37.313613]]]}, 'attributes': {}}",@DebiQuilla Con ese jam√≥n no te curas ni en un mes....,Isa,Espa√±a,Sevilla,"(-6.02843, 37.313613)",Andaluc√≠a,yes,['jam√≥n'],319.0,0.2,22.6,28.8,84.0,0.0,['Carnes']
29,29,50,67,2019-04-12 09:43:41.000,1.1166380042637516e+18,1.1166380042637516e+18,es,"{'id': '8c86b8b4cb716103', 'url': 'https://api.twitter.com/1.1/geo/id/8c86b8b4cb716103.json', 'place_type': 'city', 'name': 'Sevilla', 'full_name': 'Sevilla, Espa√±a', 'country_code': 'ES', 'country': 'Espa√±a', 'bounding_box': {'type': 'Polygon', 'coordinates': [[[-6.02843, 37.313613], [-6.02843, 37.452783], [-5.8186599999999995, 37.452783], [-5.8186599999999995, 37.313613]]]}, 'attributes': {}}","All√° donde va, ve redes sociales por todos lados.üôÑ

Hoy os presentamos al rey de las tostadas de jam√≥n con tomate üçÖ‚Ä¶ https://t.co/nqz3ksvy94",AOM,Espa√±a,Sevilla,"(-6.02843, 37.313613)",Andaluc√≠a,yes,['jam√≥n'],319.0,0.2,22.6,28.8,84.0,0.0,['Carnes']
30,30,51,69,2019-04-12 09:44:12.000,1.116638138401792e+18,1.116638138401792e+18,es,"{'id': 'aab98cb60835e83e', 'url': 'https://api.twitter.com/1.1/geo/id/aab98cb60835e83e.json', 'place_type': 'city', 'name': 'Burgos', 'full_name': 'Burgos, Espa√±a', 'country_code': 'ES', 'country': 'Espa√±a', 'bounding_box': {'type': 'Polygon', 'coordinates': [[[-3.794911, 42.284782], [-3.794911, 42.404004], [-3.583968, 42.404004], [-3.583968, 42.284782]]]}, 'attributes': {}}","Una amiga que tiene mucha pasta me acaba de decir que vota a Vox porque dice que baja los impuestos, claro a los qu‚Ä¶ https://t.co/wg2jnhDbZz",Guiller,Espa√±a,Burgos,"(-3.794911, 42.284782)",Castilla y Le√≥n,yes,['pasta'],252.0,47.44,2.26,9.35,30.0,4.58,['Cereales y derivados']
31,31,54,72,2019-04-12 22:08:20.000,1.1168254015637258e+18,1.1168254015637258e+18,es,"{'id': 'c6012372739e86ac', 'url': 'https://api.twitter.com/1.1/geo/id/c6012372739e86ac.json', 'place_type': 'city', 'name': 'Los Barrios', 'full_name': 'Los Barrios, Espa√±a', 'country_code': 'ES', 'country': 'Espa√±a', 'bounding_box': {'type': 'Polygon', 'coordinates': [[[-5.707336, 36.108531], [-5.707336, 36.350328], [-5.4142019999999995, 36.350328], [-5.4142019999999995, 36.108531]]]}, 'attributes': {}}","Por cierto, #Shazam mola un huevo y parte del otro üëåüèª",Kevin,Espa√±a,Los Barrios,"(-5.707336, 36.108531)",Andaluc√≠a,yes,['huevo'],150.0,0.3,11.1,12.5,385.0,0.0,['Productos lacteos']
32,32,55,73,2019-04-12 22:09:00.000,1.1168255713114604e+18,1.1168255713114604e+18,es,"{'id': 'f68227769e30abbc', 'url': 'https://api.twitter.com/1.1/geo/id/f68227769e30abbc.json', 'place_type': 'city', 'name': 'San Fernando', 'full_name': 'San Fernando, Espa√±a', 'country_code': 'ES', 'country': 'Espa√±a', 'bounding_box': {'type': 'Polygon', 'coordinates': [[[-6.242412, 36.387184], [-6.242412, 36.510518], [-6.168347, 36.510518], [-6.168347, 36.387184]]]}, 'attributes': {}}","Yo har√≠a un tercero:

- La tortilla de papas con o sin cebolla ??? 

Este es el refer√©ndum verdaderamente important‚Ä¶ https://t.co/Kji3RVUpz4",JPablo,Espa√±a,San Fernando,"(-6.242412, 36.387184)",Andaluc√≠a,yes,"['cebolla', 'ramen', 'tortilla']",632.0,131.70000000000002,44.28,35.725,350.0,4.1,"['Vegetales', 'Cereales y derivados', 'Productos av√≠colas']"
33,33,56,74,2019-04-12 22:09:01.000,1.1168255742473668e+18,1.1168255742473668e+18,es,"{'id': '4ecb58704564d392', 'url': 'https://api.twitter.com/1.1/geo/id/4ecb58704564d392.json', 'place_type': 'city', 'name': 'C√≥rdoba', 'full_name': 'C√≥rdoba, Espa√±a', 'country_code': 'ES', 'country': 'Espa√±a', 'bounding_box': {'type': 'Polygon', 'coordinates': [[[-4.9970099999999995, 37.664255], [-4.9970099999999995, 38.030946], [-4.351492, 38.030946], [-4.351492, 37.664255]]]}, 'attributes': {}}","Sentimientos encontrados
Matem√°tica de la Carne de Rayden
https://t.co/l7L3IpNYV3",El,Espa√±a,C√≥rdoba,"(-4.9970099999999995, 37.664255)",Andaluc√≠a,yes,['Carne'],80.75,0.0,8.0,22.1,66.7,0.0,['Carnes']
34,34,58,76,2019-04-12 22:11:17.000,1.1168261450586236e+18,1.1168261450586236e+18,es,"{'id': '507a015cba6ef518', 'url': 'https://api.twitter.com/1.1/geo/id/507a015cba6ef518.json', 'place_type': 'city', 'name': 'M√°laga', 'full_name': 'M√°laga, Espa√±a', 'country_code': 'ES', 'country': 'Espa√±a', 'bounding_box': {'type': 'Polygon', 'coordinates': [[[-4.587928, 36.635585], [-4.587928, 36.894171], [-4.260134, 36.894171], [-4.260134, 36.635585]]]}, 'attributes': {}}","Esta es la tortilla de mi abuela y, aunque es evidente, os dir√© que es LA tortilla ‚ô• https://t.co/8kdzRw9jZC",Az√∫car,Espa√±a,M√°laga,"(-4.587928, 36.635585)",Andaluc√≠a,yes,['tortilla'],170.0,0.4,12.28,14.6,350.0,0.0,['Productos av√≠colas']
35,35,60,78,2019-04-12 22:11:22.000,1.116826167259095e+18,1.116826167259095e+18,es,"{'id': '206c436ce43a43a3', 'url': 'https://api.twitter.com/1.1/geo/id/206c436ce43a43a3.json', 'place_type': 'city', 'name': 'Madrid', 'full_name': 'Madrid, Espa√±a', 'country_code': 'ES', 'country': 'Espa√±a', 'bounding_box': {'type': 'Polygon', 'coordinates': [[[-3.889005, 40.312071], [-3.889005, 40.643518], [-3.51801, 40.643518], [-3.51801, 40.312071]]]}, 'attributes': {}}",Que Ciudadanos se olvide de liderar el bloque de la derecha. Abandon√≥ el centro y de lo van a comer con patatas.,Carlos,Espa√±a,Madrid,"(-3.889005, 40.312071)",Madrid,yes,['patatas'],538.0,49.5,34.9,6.5,0.0,4.0,['Vegetales']
36,36,62,81,2019-04-12 22:15:20.000,1.1168271665058776e+18,1.1168271665058776e+18,es,"{'id': 'ea520f3528c9b3e4', 'url': 'https://api.twitter.com/1.1/geo/id/ea520f3528c9b3e4.json', 'place_type': 'admin', 'name': 'Madrid', 'full_name': 'Madrid, Comunidad de Madrid', 'country_code': 'ES', 'country': 'Espa√±a', 'bounding_box': {'type': 'Polygon', 'coordinates': [[[-4.579175, 39.884537], [-4.579175, 41.164911], [-3.053132, 41.164911], [-3.053132, 39.884537]]]}, 'attributes': {}}",me acabo de zampar media tarta de limon ?? si,Luis,Espa√±a,Madrid,"(-4.579175, 39.884537)",Madrid,yes,['tarta'],401.0,49.2,20.2,5.2,101.3,1.2,['Dulces']
37,37,63,82,2019-04-12 22:17:00.000,1.1168275840404398e+18,1.1168275840404398e+18,es,"{'id': '507a015cba6ef518', 'url': 'https://api.twitter.com/1.1/geo/id/507a015cba6ef518.json', 'place_type': 'city', 'name': 'M√°laga', 'full_name': 'M√°laga, Espa√±a', 'country_code': 'ES', 'country': 'Espa√±a', 'bounding_box': {'type': 'Polygon', 'coordinates': [[[-4.587928, 36.635585], [-4.587928, 36.894171], [-4.260134, 36.894171], [-4.260134, 36.635585]]]}, 'attributes': {}}",@ELuqueDo @Salva_Mendez_P @Silvia__Flores Las mejores se las llevo mi abuela y su receta de torrijas de vino blanco‚Ä¶ https://t.co/tRjNBllROU,malagamusica,Espa√±a,M√°laga,"(-4.587928, 36.635585)",Andaluc√≠a,yes,"['vino', 'torrija', 'torrijas']",543.0,36.92,32.0,10.35,176.0,2.0,"['Bebidas Alcoholicas', 'Cereales y derivados', 'Cereales y derivados']"
38,38,68,87,2019-04-12 22:19:47.000,1.1168282846528552e+18,1.1168282846528552e+18,es,"{'id': '37e754d0754260ac', 'url': 'https://api.twitter.com/1.1/geo/id/37e754d0754260ac.json', 'place_type': 'city', 'name': 'Salamanca', 'full_name': 'Salamanca, Espa√±a', 'country_code': 'ES', 'country': 'Espa√±a', 'bounding_box': {'type': 'Polygon', 'coordinates': [[[-5.735855, 40.914417], [-5.735855, 40.994337], [-5.622439, 40.994337], [-5.622439, 40.914417]]]}, 'attributes': {}}",Esto a la Paqui no le pasa porque no echa aceite.,Silvi,Espa√±a,Salamanca,"(-5.735855, 40.914417)",Castilla y Le√≥n,yes,['aceite'],442.0,0.0,100.0,0.0,0.0,0.0,['Grasas y aceites']
39,39,69,88,2019-04-12 22:22:03.000,1.11682885456631e+18,1.11682885456631e+18,es,"{'id': '8f28955d08937cc4', 'url': 'https://api.twitter.com/1.1/geo/id/8f28955d08937cc4.json', 'place_type': 'city', 'name': 'Villamanrique de Tajo', 'full_name': 'Villamanrique de Tajo, Espa√±a', 'country_code': 'ES', 'country': 'Espa√±a', 'bounding_box': {'type': 'Polygon', 'coordinates': [[[-3.287238, 40.047266], [-3.287238, 40.108347], [-3.187807, 40.108347], [-3.187807, 40.047266]]]}, 'attributes': {}}","Nuestro gusto es como el vino, con el tiempo va a mejor, y el retorno a lo primitivo se hace imposible. en Villaman‚Ä¶ https://t.co/pkNth3B4ez",Clara,Espa√±a,Villamanrique de Tajo,"(-3.287238, 40.047266)",Madrid,yes,['vino'],71.0,0.3,0.0,0.23,0.0,0.0,['Bebidas Alcoholicas']
40,40,70,89,2019-04-12 22:22:54.000,1.1168290704515112e+18,1.1168290704515112e+18,es,"{'id': '0d439ea7cedab677', 'url': 'https://api.twitter.com/1.1/geo/id/0d439ea7cedab677.json', 'place_type': 'city', 'name': 'Mora de Rubielos', 'full_name': 'Mora de Rubielos, Espa√±a', 'country_code': 'ES', 'country': 'Espa√±a', 'bounding_box': {'type': 'Polygon', 'coordinates': [[[-0.8187519999999999, 40.140203], [-0.8187519999999999, 40.345793], [-0.6607299999999999, 40.345793], [-0.6607299999999999, 40.140203]]]}, 'attributes': {}}",Salir de fiesta con Lydia tiene que ser la leche. Qu√© maravilla de personaüòç#s√°lvameokupa1,A,Espa√±a,Mora de Rubielos,"(-0.8187519999999999, 40.140203)",Arag√≥n,yes,['leche'],65.0,4.7,3.8,3.06,14.0,0.0,['Productos lacteos']
41,41,73,92,2019-04-12 22:24:57.000,1.116829584870314e+18,1.116829584870314e+18,es,"{'id': 'b5e457ae11d6cfdf', 'url': 'https://api.twitter.com/1.1/geo/id/b5e457ae11d6cfdf.json', 'place_type': 'city', 'name': 'G√º√≠mar', 'full_name': 'G√º√≠mar, Espa√±a', 'country_code': 'ES', 'country': 'Espa√±a', 'bounding_box': {'type': 'Polygon', 'coordinates': [[[-16.51039, 28.232872], [-16.51039, 28.335401], [-16.359241, 28.335401], [-16.359241, 28.232872]]]}, 'attributes': {}}","@dary_vonkarma Una do√±a me pide unos chorizos para cocinar  y me dice...""dame ese chorizo que no tiene lactosa"" la‚Ä¶ https://t.co/DRZfTF2H0A",Bea,Espa√±a,G√º√≠mar,"(-16.51039, 28.232872)",Islas Canarias,yes,['chorizo'],323.0,1.9,23.1,27.0,72.6,0.0,['Carnes']
42,42,75,94,2019-04-12 22:26:16.000,1.1168299165138656e+18,1.1168299165138656e+18,es,"{'id': 'adc69cb209e16803', 'url': 'https://api.twitter.com/1.1/geo/id/adc69cb209e16803.json', 'place_type': 'city', 'name': 'Pinto', 'full_name': 'Pinto, Espa√±a', 'country_code': 'ES', 'country': 'Spain', 'bounding_box': {'type': 'Polygon', 'coordinates': [[[-3.746733, 40.199234], [-3.746733, 40.292807], [-3.622605, 40.292807], [-3.622605, 40.199234]]]}, 'attributes': {}}","@Carlos_DF10 @AlvaroSabo Islas, alimenta a un pais completo como USA con vegetales, ojala fuera tan facil como deja‚Ä¶ https://t.co/pugWRqsg7Q",Rang,Spain,Pinto,"(-3.746733, 40.199234)",Madrid,yes,"['vegetales', 'vegetal', 'menta']",314.0,22.52,23.83,6.7799999999999985,0.0,13.0,"['Vegetales', 'Vegetales', 'Hierbas y especias']"
43,43,76,96,2019-04-12 22:29:14.000,1.1168306616319918e+18,1.1168306616319918e+18,es,"{'id': 'adc69cb209e16803', 'url': 'https://api.twitter.com/1.1/geo/id/adc69cb209e16803.json', 'place_type': 'city', 'name': 'Pinto', 'full_name': 'Pinto, Espa√±a', 'country_code': 'ES', 'country': 'Spain', 'bounding_box': {'type': 'Polygon', 'coordinates': [[[-3.746733, 40.199234], [-3.746733, 40.292807], [-3.622605, 40.292807], [-3.622605, 40.199234]]]}, 'attributes': {}}",@Carlos_DF10 @AlvaroSabo Verga carlos lee todos los twits y deja de presuponer vainas oh for pete sake deja de junt‚Ä¶ https://t.co/0KmhVTZO4h,Rang,Spain,Pinto,"(-3.746733, 40.199234)",Madrid,yes,['vainas'],43.0,7.55,0.2,2.8,0.0,2.6,['Vegetales']
44,44,77,97,2019-04-12 22:29:26.000,1.1168307136748954e+18,1.1168307136748954e+18,es,"{'id': '731c9d11275a5436', 'url': 'https://api.twitter.com/1.1/geo/id/731c9d11275a5436.json', 'place_type': 'city', 'name': 'Gij√≥n', 'full_name': 'Gij√≥n, Espa√±a', 'country_code': 'ES', 'country': 'Espa√±a', 'bounding_box': {'type': 'Polygon', 'coordinates': [[[-5.820977, 43.44168], [-5.820977, 43.577914], [-5.562912, 43.577914], [-5.562912, 43.44168]]]}, 'attributes': {}}",@sufrior @AlejandroJamart Hoy perdisteis en cabina 1 a√±o de vida. Marcho pa casa como un fardo trigo,LUIS,Espa√±a,Gij√≥n,"(-5.820977, 43.44168)",Asturias,yes,['trigo'],314.0,122.0,4.0,11.7,0.0,10.3,['Cereales y derivados']
45,45,79,100,2019-04-12 22:32:14.000,1.1168314186577796e+18,1.1168314186577796e+18,es,"{'id': '0d439ea7cedab677', 'url': 'https://api.twitter.com/1.1/geo/id/0d439ea7cedab677.json', 'place_type': 'city', 'name': 'Mora de Rubielos', 'full_name': 'Mora de Rubielos, Espa√±a', 'country_code': 'ES', 'country': 'Espa√±a', 'bounding_box': {'type': 'Polygon', 'coordinates': [[[-0.8187519999999999, 40.140203], [-0.8187519999999999, 40.345793], [-0.6607299999999999, 40.345793], [-0.6607299999999999, 40.140203]]]}, 'attributes': {}}",Se supone que Anabel est√° bailando salsa ¬øno? Porque de salsa tiene poco üòë #s√°lvameokupa1,A,Espa√±a,Mora de Rubielos,"(-0.8187519999999999, 40.140203)",Arag√≥n,yes,['salsa'],99.455,9.52,16.04,3.93,18.06,1.14,['Sopas']
46,46,80,101,2019-04-12 22:32:56.000,1.1168315963200512e+18,1.1168315963200512e+18,es,"{'id': '1a27537478dd8e38', 'url': 'https://api.twitter.com/1.1/geo/id/1a27537478dd8e38.json', 'place_type': 'city', 'name': 'Barcelona', 'full_name': 'Barcelona, Espa√±a', 'country_code': 'ES', 'country': 'Espa√±a', 'bounding_box': {'type': 'Polygon', 'coordinates': [[[2.052477, 41.317048], [2.052477, 41.468266], [2.229978, 41.468266], [2.229978, 41.317048]]]}, 'attributes': {}}",@cruelaudia UN PAVO DE 35 A√ëOS JFJGKGI,Kristina,Espa√±a,Barcelona,"(2.052477, 41.317048)",Catalu√±a,yes,['PAVO'],119.0,0.0,2.86,21.77,65.0,0.0,['Productos avicolas']
47,47,83,104,2019-04-12 22:38:16.000,1.1168329375075328e+18,1.1168329375075328e+18,es,"{'id': '872a8a61ab0e311c', 'url': 'https://api.twitter.com/1.1/geo/id/872a8a61ab0e311c.json', 'place_type': 'city', 'name': 'Casarrubios del Monte', 'full_name': 'Casarrubios del Monte, Espa√±a', 'country_code': 'ES', 'country': 'Spain', 'bounding_box': {'type': 'Polygon', 'coordinates': [[[-4.168056, 40.133132], [-4.168056, 40.266932], [-3.952836, 40.266932], [-3.952836, 40.133132]]]}, 'attributes': {}}","@Carlos_DF10 @GalegoTropical A ver, los veganos sean veganosny los no veganos no sean veganos. Aca hay carne y verd‚Ä¶ https://t.co/uqnfNFLS1Y",Love,Spain,Casarrubios del Monte,"(-4.168056, 40.133132)",Castilla la Mancha,yes,['carne'],80.75,0.0,8.0,22.1,66.7,0.0,['Carnes']
48,48,86,107,2019-04-12 22:38:46.000,1.1168330622754324e+18,1.1168330622754324e+18,es,"{'id': 'f7e89e60ea52207c', 'url': 'https://api.twitter.com/1.1/geo/id/f7e89e60ea52207c.json', 'place_type': 'city', 'name': 'Algeciras', 'full_name': 'Algeciras, Espa√±a', 'country_code': 'ES', 'country': 'Espa√±a', 'bounding_box': {'type': 'Polygon', 'coordinates': [[[-5.550794, 36.050219], [-5.550794, 36.176308], [-5.4223230000000004, 36.176308], [-5.4223230000000004, 36.050219]]]}, 'attributes': {}}","@fucknmadness Se te nota que te encanta, y por la ma√±ana te hace el colacao en su taza de vox",Sara,Espa√±a,Algeciras,"(-5.550794, 36.050219)",Andaluc√≠a,yes,['colacao'],376.0,156.0,2.4,6.8,0.0,7.8,['Dulces']
49,49,87,108,2019-04-12 22:40:28.000,1.1168334896330628e+18,1.1168334896330628e+18,es,"{'id': '1a27537478dd8e38', 'url': 'https://api.twitter.com/1.1/geo/id/1a27537478dd8e38.json', 'place_type': 'city', 'name': 'Barcelona', 'full_name': 'Barcelona, Espa√±a', 'country_code': 'ES', 'country': 'Espa√±a', 'bounding_box': {'type': 'Polygon', 'coordinates': [[[2.052477, 41.317048], [2.052477, 41.468266], [2.229978, 41.468266], [2.229978, 41.317048]]]}, 'attributes': {}}",@sanchezdelreal A estos del PoncioPilatos se les ha pasado el arroz. A tomar por...,Sito,Espa√±a,Barcelona,"(2.052477, 41.317048)",Catalu√±a,yes,['arroz'],387.0,172.0,0.9,7.0,0.0,0.2,['Cereales y derivados']
50,50,88,109,2019-04-12 22:40:48.000,1.1168335758260184e+18,1.1168335758260184e+18,es,"{'id': '1a27537478dd8e38', 'url': 'https://api.twitter.com/1.1/geo/id/1a27537478dd8e38.json', 'place_type': 'city', 'name': 'Barcelona', 'full_name': 'Barcelona, Espa√±a', 'country_code': 'ES', 'country': 'Espa√±a', 'bounding_box': {'type': 'Polygon', 'coordinates': [[[2.052477, 41.317048], [2.052477, 41.468266], [2.229978, 41.468266], [2.229978, 41.317048]]]}, 'attributes': {}}",La nueva atrocidad medioambiental viene en forma de ajo pelado en envase de pl√°stico https://t.co/LpOmikEEBA,Llu√≠s,Espa√±a,Barcelona,"(2.052477, 41.317048)",Catalu√±a,yes,['ajo'],98.33,37.66,0.51,9.39,0.0,3.91,['Vegetales']
51,51,90,111,2019-04-12 22:42:25.000,1.1168339829125734e+18,1.1168339829125734e+18,es,"{'id': '071a52d3a927a1b8', 'url': 'https://api.twitter.com/1.1/geo/id/071a52d3a927a1b8.json', 'place_type': 'city', 'name': 'Valencia', 'full_name': 'Valencia, Espa√±a', 'country_code': 'ES', 'country': 'Espa√±a', 'bounding_box': {'type': 'Polygon', 'coordinates': [[[-0.43254499999999996, 39.278381], [-0.43254499999999996, 39.566588], [-0.272513, 39.566588], [-0.272513, 39.278381]]]}, 'attributes': {}}","Se acerca Semana Santa, tendremos pol√≠ticos hasta en la sopa, apaguemos la tele y a la playa",jose,Espa√±a,Valencia,"(-0.43254499999999996, 39.278381)",Comunidad Valenciana,yes,['sopa'],321.0,58.24,4.34,10.99,74.0,2.2,['Sopas']
52,52,91,112,2019-04-12 22:43:03.000,1.1168341393768817e+18,1.1168341393768817e+18,es,"{'id': '989361a3d92da3b7', 'url': 'https://api.twitter.com/1.1/geo/id/989361a3d92da3b7.json', 'place_type': 'city', 'name': 'Sese√±a', 'full_name': 'Sese√±a, Espa√±a', 'country_code': 'ES', 'country': 'Spain', 'bounding_box': {'type': 'Polygon', 'coordinates': [[[-3.733956, 40.027326], [-3.733956, 40.143247], [-3.602538, 40.143247], [-3.602538, 40.027326]]]}, 'attributes': {}}","@Carlos_DF10 @AlvaroSabo La humanidad lleva milenios consumiendo carne y nunca hubo peos, hasta la industralizacion y sobrepoblacion",Rang,Spain,Sese√±a,"(-3.733956, 40.027326)",Castilla la Mancha,yes,['carne'],80.75,0.0,8.0,22.1,66.7,0.0,['Carnes']
53,53,93,115,2019-04-12 22:47:26.000,1.1168352441146122e+18,1.1168352441146122e+18,es,"{'id': '731c9d11275a5436', 'url': 'https://api.twitter.com/1.1/geo/id/731c9d11275a5436.json', 'place_type': 'city', 'name': 'Gij√≥n', 'full_name': 'Gij√≥n, Espa√±a', 'country_code': 'ES', 'country': 'Espa√±a', 'bounding_box': {'type': 'Polygon', 'coordinates': [[[-5.820977, 43.44168], [-5.820977, 43.577914], [-5.562912, 43.577914], [-5.562912, 43.44168]]]}, 'attributes': {}}","y si a eso le sumamos, cerveza, pizza y mar... d√≠a insuperable. Huele a verano!!!",Alba,Espa√±a,Gij√≥n,"(-5.820977, 43.44168)",Asturias,yes,"['pizza', 'cerveza']",519.0,25.32,9.8,8.7,16.0,1.7,"['Comida rapida', 'Bebidas Alcoholicas']"
54,54,95,117,2019-04-12 22:51:25.000,1.116836245647315e+18,1.116836245647315e+18,es,"{'id': '523b6f47157f7965', 'url': 'https://api.twitter.com/1.1/geo/id/523b6f47157f7965.json', 'place_type': 'city', 'name': 'La Puebla de Cazalla', 'full_name': 'La Puebla de Cazalla, Espa√±a', 'country_code': 'ES', 'country': 'Espa√±a', 'bounding_box': {'type': 'Polygon', 'coordinates': [[[-5.361183, 37.06052], [-5.361183, 37.265351], [-5.198632, 37.265351], [-5.198632, 37.06052]]]}, 'attributes': {}}",@XtianVancouver @marta_99lora  Cuando se le cae a una el baso para atr√°s y moja a los de pi√±a colada ¬°que mala suerte! Pobrecillos üñïüèΩüñïüèΩüñïüèΩ,Rocio,Espa√±a,La Puebla de Cazalla,"(-5.361183, 37.06052)",Andaluc√≠a,yes,"['pi√±a', 'pi√±a colada']",222.0,33.79,1.91,0.94,0.0,1.5,"['Frutas', 'Bebidas Alcoholicas']"
55,55,96,118,2019-04-12 22:53:24.000,1.116836746526896e+18,1.116836746526896e+18,es,"{'id': '4ef6d3f54fc946f0', 'url': 'https://api.twitter.com/1.1/geo/id/4ef6d3f54fc946f0.json', 'place_type': 'city', 'name': 'Santa Luc√≠a de Tirajana', 'full_name': 'Santa Luc√≠a de Tirajana, Espa√±a', 'country_code': 'ES', 'country': 'Espa√±a', 'bounding_box': {'type': 'Polygon', 'coordinates': [[[-15.553822, 27.805868], [-15.553822, 27.948712], [-15.406329, 27.948712], [-15.406329, 27.805868]]]}, 'attributes': {}}",Ahora por helader√≠a....me apetece un helado de mango xd,Ana,Espa√±a,Santa Luc√≠a de Tirajana,"(-15.553822, 27.805868)",Islas Canarias,yes,['helado'],228.0,28.2,11.0,3.8,34.0,1.2,['Productos lacteos']
56,56,97,119,2019-04-12 22:54:22.000,1.1168369880768552e+18,1.1168369880768552e+18,es,"{'id': '1e766d311eb323fb', 'url': 'https://api.twitter.com/1.1/geo/id/1e766d311eb323fb.json', 'place_type': 'city', 'name': 'La Rinconada', 'full_name': 'La Rinconada, Espa√±a', 'country_code': 'ES', 'country': 'Espa√±a', 'bounding_box': {'type': 'Polygon', 'coordinates': [[[-6.011086, 37.395755], [-6.011086, 37.542006], [-5.817568, 37.542006], [-5.817568, 37.395755]]]}, 'attributes': {}}",Alguien me resuelve la duda de que fue antes el huevo o la gallina,ISMA,Espa√±a,La Rinconada,"(-6.011086, 37.395755)",Andaluc√≠a,yes,['huevo'],150.0,0.3,11.1,12.5,385.0,0.0,['Productos lacteos']
57,57,100,123,2019-04-12 23:00:15.000,1.1168384704697836e+18,1.1168384704697836e+18,es,"{'id': '31d6ba09e3108530', 'url': 'https://api.twitter.com/1.1/geo/id/31d6ba09e3108530.json', 'place_type': 'city', 'name': 'Reus', 'full_name': 'Reus, Espa√±a', 'country_code': 'ES', 'country': 'Espa√±a', 'bounding_box': {'type': 'Polygon', 'coordinates': [[[1.057584, 41.102209], [1.057584, 41.189829], [1.191154, 41.189829], [1.191154, 41.102209]]]}, 'attributes': {}}","@CCompteSFSA En absoluto jeje, las cosas claras y el chocolate espeso jeje, si se es se es... Ahora por suerte desd‚Ä¶ https://t.co/PQIjdkIZri",Alejandro,Espa√±a,Reus,"(1.057584, 41.102209)",Catalu√±a,yes,['chocolate'],271.33,59.23,30.53,7.29,20.0,0.53,['Dulces']
58,58,101,124,2019-04-12 23:00:17.000,1.1168384780487108e+18,1.1168384780487108e+18,es,"{'id': 'dd5ca53bdb47a1cb', 'url': 'https://api.twitter.com/1.1/geo/id/dd5ca53bdb47a1cb.json', 'place_type': 'city', 'name': 'Toledo', 'full_name': 'Toledo, Espa√±a', 'country_code': 'ES', 'country': 'Espa√±a', 'bounding_box': {'type': 'Polygon', 'coordinates': [[[-4.179635, 39.810555], [-4.179635, 39.925092], [-3.8147919999999997, 39.925092], [-3.8147919999999997, 39.810555]]]}, 'attributes': {}}","Pan de hamburguesa... en Toledo, Spain https://t.co/xdD1ZgRoto",Enrique,Espa√±a,Toledo,"(-4.179635, 39.810555)",Castilla la Mancha,yes,['hamburguesa'],510.0,47.5,25.2,22.76,59.0,4.1,['Comida rapida']
59,59,103,126,2019-04-12 23:01:55.000,1.1168388892709848e+18,1.1168388892709848e+18,es,"{'id': '731c9d11275a5436', 'url': 'https://api.twitter.com/1.1/geo/id/731c9d11275a5436.json', 'place_type': 'city', 'name': 'Gij√≥n', 'full_name': 'Gij√≥n, Espa√±a', 'country_code': 'ES', 'country': 'Espa√±a', 'bounding_box': {'type': 'Polygon', 'coordinates': [[[-5.820977, 43.44168], [-5.820977, 43.577914], [-5.562912, 43.577914], [-5.562912, 43.44168]]]}, 'attributes': {}}",@El_Amarrategui Como si se hace monje anabaptista. Es un sinverguenza de tomo y lomo.,LUIS,Espa√±a,Gij√≥n,"(-5.820977, 43.44168)",Asturias,yes,['lomo'],237.0,0.0,14.27,27.0,75.0,0.0,['Carnes']
60,60,104,129,2019-04-12 23:05:47.000,1.1168398617665004e+18,1.1168398617665004e+18,es,"{'id': '206c436ce43a43a3', 'url': 'https://api.twitter.com/1.1/geo/id/206c436ce43a43a3.json', 'place_type': 'city', 'name': 'Madrid', 'full_name': 'Madrid, Espa√±a', 'country_code': 'ES', 'country': 'Espa√±a', 'bounding_box': {'type': 'Polygon', 'coordinates': [[[-3.889005, 40.312071], [-3.889005, 40.643518], [-3.51801, 40.643518], [-3.51801, 40.312071]]]}, 'attributes': {}}","@Valerihot30 Que curioso,  yip estoy muy caliente y me estoy sacando mucha leche",Belgarath,Espa√±a,Madrid,"(-3.889005, 40.312071)",Madrid,yes,['leche'],65.0,4.7,3.8,3.06,14.0,0.0,['Productos lacteos']
61,61,106,131,2019-04-12 23:07:04.000,1.1168401853990092e+18,1.1168401853990092e+18,es,"{'id': 'cd43ea85d651af92', 'url': 'https://api.twitter.com/1.1/geo/id/cd43ea85d651af92.json', 'place_type': 'city', 'name': 'Bilbao', 'full_name': 'Bilbao, Espa√±a', 'country_code': 'ES', 'country': 'Espa√±a', 'bounding_box': {'type': 'Polygon', 'coordinates': [[[-2.98601, 43.213654], [-2.98601, 43.290145], [-2.880325, 43.290145], [-2.880325, 43.213654]]]}, 'attributes': {}}",@Irene_Montero_ T√∫ s√≠ que eres ejemplo pero del m√≠nimo esfuerzo y todo por la pasta...deja en paz a los jubilad@s d‚Ä¶ https://t.co/DQGAcWiobY,Michel,Espa√±a,Bilbao,"(-2.98601, 43.213654)",Pais Vasco,yes,['pasta'],252.0,47.44,2.26,9.35,30.0,4.58,['Cereales y derivados']
62,62,110,136,2019-04-12 23:17:59.000,1.116842930583552e+18,1.116842930583552e+18,es,"{'id': 'cd43ea85d651af92', 'url': 'https://api.twitter.com/1.1/geo/id/cd43ea85d651af92.json', 'place_type': 'city', 'name': 'Bilbao', 'full_name': 'Bilbao, Espa√±a', 'country_code': 'ES', 'country': 'Espa√±a', 'bounding_box': {'type': 'Polygon', 'coordinates': [[[-2.98601, 43.213654], [-2.98601, 43.290145], [-2.880325, 43.290145], [-2.880325, 43.213654]]]}, 'attributes': {}}","@TheTheVick @_MagivanderMort Qu√© ???
Yo veo un espejo empa√±ado, manchado con chocolate ü§∑üèª‚Äç‚ôÇÔ∏è",De,Espa√±a,Bilbao,"(-2.98601, 43.213654)",Pais Vasco,yes,['chocolate'],271.33,59.23,30.53,7.29,20.0,0.53,['Dulces']
63,63,113,142,2019-04-12 23:23:12.000,1.1168442434175345e+18,1.1168442434175345e+18,es,"{'id': '45740a97231f1404', 'url': 'https://api.twitter.com/1.1/geo/id/45740a97231f1404.json', 'place_type': 'city', 'name': 'Coomonte', 'full_name': 'Coomonte, Espa√±a', 'country_code': 'ES', 'country': 'Espa√±a', 'bounding_box': {'type': 'Polygon', 'coordinates': [[[-5.846694, 42.094048], [-5.846694, 42.129864], [-5.792809, 42.129864], [-5.792809, 42.094048]]]}, 'attributes': {}}",@izzygirl86 ¬´Esto va de la pasta¬ª. ¬´Operaci√≥n di√°logo¬ª.,Ortiz,Espa√±a,Coomonte,"(-5.846694, 42.094048)",Castilla y Le√≥n,yes,['pasta'],252.0,47.44,2.26,9.35,30.0,4.58,['Cereales y derivados']
64,64,115,145,2019-04-12 23:25:48.000,1.1168449002161356e+18,1.1168449002161356e+18,es,"{'id': 'a87ad701b9cd8f8a', 'url': 'https://api.twitter.com/1.1/geo/id/a87ad701b9cd8f8a.json', 'place_type': 'city', 'name': 'Le√≥n', 'full_name': 'Le√≥n, Espa√±a', 'country_code': 'ES', 'country': 'Espa√±a', 'bounding_box': {'type': 'Polygon', 'coordinates': [[[-5.631302, 42.547162], [-5.631302, 42.640132], [-5.533773, 42.640132], [-5.533773, 42.547162]]]}, 'attributes': {}}",Que empiecen los Juegos de la limonada!! en Plaza Mayor De Le√≥n https://t.co/9oAPm6tXbm,√ìscar,Espa√±a,Le√≥n,"(-5.631302, 42.547162)",Castilla y Le√≥n,yes,['limonada'],12.0,1.9,0.2,0.5,0.0,2.8,['Bebidas']
65,65,116,146,2019-04-12 23:25:50.000,1.1168449056352256e+18,1.1168449056352256e+18,es,"{'id': '8c86b8b4cb716103', 'url': 'https://api.twitter.com/1.1/geo/id/8c86b8b4cb716103.json', 'place_type': 'city', 'name': 'Sevilla', 'full_name': 'Sevilla, Espa√±a', 'country_code': 'ES', 'country': 'Espa√±a', 'bounding_box': {'type': 'Polygon', 'coordinates': [[[-6.02843, 37.313613], [-6.02843, 37.452783], [-5.8186599999999995, 37.452783], [-5.8186599999999995, 37.313613]]]}, 'attributes': {}}",La Carva de la cerveza acaba de salir de trabajar y le acaban de decir que no descansa hasta el lunes despu√©s de Se‚Ä¶ https://t.co/EB2YnDZ1i0,name,Espa√±a,Sevilla,"(-6.02843, 37.313613)",Andaluc√≠a,yes,['cerveza'],42.0,3.12,0.0,0.5,0.0,0.0,['Bebidas Alcoholicas']
66,66,118,148,2019-04-12 23:27:58.000,1.116845445702144e+18,1.116845445702144e+18,es,"{'id': '507a015cba6ef518', 'url': 'https://api.twitter.com/1.1/geo/id/507a015cba6ef518.json', 'place_type': 'city', 'name': 'M√°laga', 'full_name': 'M√°laga, Espa√±a', 'country_code': 'ES', 'country': 'Espa√±a', 'bounding_box': {'type': 'Polygon', 'coordinates': [[[-4.587928, 36.635585], [-4.587928, 36.894171], [-4.260134, 36.894171], [-4.260134, 36.635585]]]}, 'attributes': {}}",@jcarlos_martin Y las dem√°s tenemos que pagar el pato. Eres injusto.,elisabet,Espa√±a,M√°laga,"(-4.587928, 36.635585)",Andaluc√≠a,yes,['pato'],138.0,0.0,6.5,19.7,110.0,0.0,['Productos avicolas']
67,67,120,150,2019-04-12 23:30:21.000,1.1168460423042088e+18,1.1168460423042088e+18,es,"{'id': '071a52d3a927a1b8', 'url': 'https://api.twitter.com/1.1/geo/id/071a52d3a927a1b8.json', 'place_type': 'city', 'name': 'Valencia', 'full_name': 'Valencia, Espa√±a', 'country_code': 'ES', 'country': 'Espa√±a', 'bounding_box': {'type': 'Polygon', 'coordinates': [[[-0.43254499999999996, 39.278381], [-0.43254499999999996, 39.566588], [-0.272513, 39.566588], [-0.272513, 39.278381]]]}, 'attributes': {}}","@DruaniFanboy @Aomeei M√©telo en arroz, funciona guay",Druani,Espa√±a,Valencia,"(-0.43254499999999996, 39.278381)",Comunidad Valenciana,yes,['arroz'],387.0,172.0,0.9,7.0,0.0,0.2,['Cereales y derivados']
68,68,122,153,2019-04-12 23:33:47.000,1.1168469080378982e+18,1.1168469080378982e+18,es,"{'id': '3afc29d1fe76301f', 'url': 'https://api.twitter.com/1.1/geo/id/3afc29d1fe76301f.json', 'place_type': 'city', 'name': 'Zaragoza', 'full_name': 'Zaragoza, Espa√±a', 'country_code': 'ES', 'country': 'Espa√±a', 'bounding_box': {'type': 'Polygon', 'coordinates': [[[-1.174093, 41.451835], [-1.174093, 41.931438], [-0.680572, 41.931438], [-0.680572, 41.451835]]]}, 'attributes': {}}","@Daniel_ADiaz Las galletas de la Lucia Cristina el a√±o pasado, los mangos de la Vanessa ü§£ü§£ü§£",Joseph,Espa√±a,Zaragoza,"(-1.174093, 41.451835)",Arag√≥n,yes,"['galletas', 'mangos']",542.0,77.71000000000002,21.97,7.3599999999999985,50.17,5.51,"['Dulces', 'Frutas']"
69,69,123,154,2019-04-12 23:36:28.000,1.1168475837192396e+18,1.1168475837192396e+18,es,"{'id': '1a27537478dd8e38', 'url': 'https://api.twitter.com/1.1/geo/id/1a27537478dd8e38.json', 'place_type': 'city', 'name': 'Barcelona', 'full_name': 'Barcelona, Espanya', 'country_code': 'ES', 'country': 'Espanya', 'bounding_box': {'type': 'Polygon', 'coordinates': [[[2.052477, 41.317048], [2.052477, 41.468266], [2.229978, 41.468266], [2.229978, 41.317048]]]}, 'attributes': {}}",Los unionistas quieren la pasta,Antonio,Espanya,Barcelona,"(2.052477, 41.317048)",Catalu√±a,yes,['pasta'],252.0,47.44,2.26,9.35,30.0,4.58,['Cereales y derivados']
70,70,125,156,2019-04-12 23:40:15.000,1.1168485334060892e+18,1.1168485334060892e+18,es,"{'id': '1b02a08eb3273515', 'url': 'https://api.twitter.com/1.1/geo/id/1b02a08eb3273515.json', 'place_type': 'city', 'name': 'Albolote', 'full_name': 'Albolote, Espa√±a', 'country_code': 'ES', 'country': 'Espa√±a', 'bounding_box': {'type': 'Polygon', 'coordinates': [[[-3.706717, 37.210136], [-3.706717, 37.399732], [-3.619735, 37.399732], [-3.619735, 37.210136]]]}, 'attributes': {}}",me voy a echar un vasico leche c√≥mo lo veis quer√©is que os haga uno o qu√© chavalitos estais a tiempo,marikilla,Espa√±a,Albolote,"(-3.706717, 37.210136)",Andaluc√≠a,yes,['leche'],65.0,4.7,3.8,3.06,14.0,0.0,['Productos lacteos']
71,71,126,157,2019-04-12 23:41:23.000,1.1168488189879665e+18,1.1168488189879665e+18,es,"{'id': '1b02a08eb3273515', 'url': 'https://api.twitter.com/1.1/geo/id/1b02a08eb3273515.json', 'place_type': 'city', 'name': 'Albolote', 'full_name': 'Albolote, Espa√±a', 'country_code': 'ES', 'country': 'Espa√±a', 'bounding_box': {'type': 'Polygon', 'coordinates': [[[-3.706717, 37.210136], [-3.706717, 37.399732], [-3.619735, 37.399732], [-3.619735, 37.210136]]]}, 'attributes': {}}",@Barklysh aqu√≠ te espero con el vasico leche primo,marikilla,Espa√±a,Albolote,"(-3.706717, 37.210136)",Andaluc√≠a,yes,['leche'],65.0,4.7,3.8,3.06,14.0,0.0,['Productos lacteos']
72,72,129,160,2019-04-12 23:42:30.000,1.116849101822464e+18,1.116849101822464e+18,es,"{'id': '1a27537478dd8e38', 'url': 'https://api.twitter.com/1.1/geo/id/1a27537478dd8e38.json', 'place_type': 'city', 'name': 'Barcelona', 'full_name': 'Barcelona, Espa√±a', 'country_code': 'ES', 'country': 'Espa√±a', 'bounding_box': {'type': 'Polygon', 'coordinates': [[[2.052477, 41.317048], [2.052477, 41.468266], [2.229978, 41.468266], [2.229978, 41.317048]]]}, 'attributes': {}}","Queso amarillo rallado del Guapet√≥n, v√≠a Puerto La Cruz.",Gabriela,Espa√±a,Barcelona,"(2.052477, 41.317048)",Catalu√±a,yes,['Queso'],450.0,0.51,34.0,35.77,74.4,0.0,['Productos lacteos']
73,73,131,162,2019-04-12 23:44:38.000,1.1168496398467604e+18,1.1168496398467604e+18,es,"{'id': 'f0bc6569b8d489ec', 'url': 'https://api.twitter.com/1.1/geo/id/f0bc6569b8d489ec.json', 'place_type': 'city', 'name': 'Palencia', 'full_name': 'Palencia, Espa√±a', 'country_code': 'ES', 'country': 'Espa√±a', 'bounding_box': {'type': 'Polygon', 'coordinates': [[[-4.654915, 41.919496], [-4.654915, 42.07149], [-4.481245, 42.07149], [-4.481245, 41.919496]]]}, 'attributes': {}}","@indisioux @javiergarmon191 No se puede, ser m√°s chorizo",Antonio,Espa√±a,Palencia,"(-4.654915, 41.919496)",Castilla y Le√≥n,yes,['chorizo'],323.0,1.9,23.1,27.0,72.6,0.0,['Carnes']
74,74,134,166,2019-04-12 23:57:16.000,1.1168528164783392e+18,1.1168528164783392e+18,es,"{'id': '7974acce42d034d5', 'url': 'https://api.twitter.com/1.1/geo/id/7974acce42d034d5.json', 'place_type': 'city', 'name': 'Santa Cruz de Tenerife', 'full_name': 'Santa Cruz de Tenerife, Espa√±a', 'country_code': 'ES', 'country': 'Espa√±a', 'bounding_box': {'type': 'Polygon', 'coordinates': [[[-16.343595, 28.409769], [-16.343595, 28.589393], [-16.119363, 28.589393], [-16.119363, 28.409769]]]}, 'attributes': {}}",Cuernos?????oveja???????? https://t.co/Rhrnu6W0sR,yupi,Espa√±a,Santa Cruz de Tenerife,"(-16.343595, 28.409769)",Islas Canarias,yes,['oveja'],235.0,0.0,16.6,17.6,60.0,0.0,['Carnes']
